Sex,Age,PVD1,PVD2,PVD3rc,PVD4,PVD5rc,PVD6,PVD7,PVD8,PVD9,PVD10,PVD11rc,PVD12rc,PVD13rc,PVD14rc,PVD15,SOIR1,SOIR2,SOIR3,SOIR4,SOIR5,SOIR6rc,SOIR7,SOIR8,SOIR9,GenHealth,INF_PREV_COMM,INF_PREV_FAM,INF_PREV_JOB,TDDS1,TDDS2,TDDS3,TDDS4,TDDS5,TDDS6,TDDS7,TDDS8,TDDS9,TDDS10,TDDS11,TDDS12,TDDS13,TDDS14,TDDS15,TDDS16,TDDS17,TDDS18,TDDS19,TDDS20,TDDS21
1, ,5,3,5,7,2,1,4,1,6,1,4,2,7,4,6,2,8,8,9,8,9,6,7,6,4,40,10,10,7,1,7,7,1,1,5,1,6,4,1,7,7,1,7,7,1,7,5,4,4
2, ,7,5,2,7,1,7,6,7,6,7,1,3,1,2,7,8,7,9,7,8,2,8,7,9,5,92,79,71,7,5,6,6,7,6,7,7,5,6,6,5,6,6,7,6,7,5,6,7,6
1,63,4,1,4,5,4,1,1,1,7,1,5,3,5,5,3,2,9,6,9,1,9,1,1,1,3, , , ,7,1,5,7,1,7,7,1,5,7,1,6,7,1,6,4,1,5,5,1,4
2,54,7,1,6,1,1,1,1,1,1,1,1,1,1,1,1,1,1,1,8,1,1,3,2,2,5, , , ,5,7,7,7,1,2,6,6,2,7,6,6,5,1,5,5,5,7,6,3,6
2,51,7,2,7,4,6,1,5,2,1,1,2,6,6,3,1,2,2,1,1,1,3,5,7,3,2, , , ,6,7,7,7,2,7,5,3,5,7,5,7,7,7,4,6,5,6,5,7,7
2,50,2,2,4,1,6,1,3,1,1,1,7,2,4,2,2,2,1,1,7,4,2,1,1,1,4, , , ,4,3,7,4,2,5,3,2,4,5,5,7,3,5,6,3,4,3,3,2,5
2,49,7,2,7,7,2,2,6,4,1,3,3,3,2,2,6,2,2,1,5,1,3,3,3,2,4, , , ,4,6,6,5,5,6,5,3,6,4,5,6,4,6,5,4,7,6,4,7,7
2,49,6,6,5,6,2,1,6,4,1,2,7,4,3,2,7,2,2,3,6,2,2,2,1,1,3, , , ,6,6,7,5,2,6,5,3,4,5,2,5,6,2,4,5,6,6,6,4,7
1,47,7,6,4,4,7,6,4,6,1,6,3,7,2,7,2,1,2,1,9,3,3,9,5,5,2, , , ,1,3,4,5,1,2,2,1,1,6,1,2,3,1,3,5,1,2,3,5,3
2,46,7,2,7,7,7,4,4,2,6,4,7,7,2,7,4,1,2,6,1,1,1,2,2,2,1, , , ,5,7,7,7,4,4,2,4,7,5,3,3,4,3,7,2,6,4,4,4,7
2,45,7,5,7,7,5,5,5,5,1,4,7,7,7,3,1,2,3,1,1,1,1,1,1,1,3, , , ,5,7,7,6,1,7,5,5,7,5,7,5,7,7,6,6,7,7,5,1,7
2,45,6,2,6,6,3,1,3,1,1,1,5,5,3,3,4,2,8,8,7,5,7,7,1,3,3, , , ,3,6,5,6,7,4,4,5,4,5,6,3,5,5,6,7,7,2,6,7,6
2,45,7,1,1,7,7,1,5,1,5,1,7,1,7,1,7,2,2,1,5,1,1,1,1,1,4, , , ,3,5,7,3,6,7,1,7,7,3,5,6,3,7,7,1,7,5,1,7,7
1,44,1,2,1,1,4,1,1,3,1,2,1,4,6,4,1,2,1,1,6,1,1,1,1,1,2, , , ,1,1,5,1,1,1,1,1,1,1,1,4,1,1,3,1,1,1,1,1,2
2,44,7,4,6,4,5,5,4,4,5,4,4,4,5,4,5,2,4,4,9,2,4,1,1,1,3, , , ,1,2,4,2,2,4,1,2,5,1,4,5,1,3,5,1,4,3,1,4,4
2,44,6,4,6,1,4,1,4,4,1,4,7,4,6,4,1,2,1,2,7,4,6,1,1,1,2, , , ,4,4,7,6,1,5,4,4,6,5,4,4,4,4,6,3,6,5,5,1,7
1,42,4,2,3,5,3,1,1,1,2,2,1,5,3,1,2,1,2,2,1,1,1,3,5,2,4, , , ,7,7,7,7,7,7,7,5,6,7,4,7,7,7,7,5,5,6,5,2,4
2,42,3,2,4,3,3,2,3,2,2,2,3,2,2,3,2,2,2,2,5,1,1,2,2,2,3, , , ,4,3,4,5,2,3,4,2,4,4,4,4,4,4,4,4,4,3,3,3,4
2,41,7,4,2,7,6,2,1,3,1,5,2,6,7,6,2,2,3,5,2,1,2,2,1,1,1, , , ,1,6,3,3,4,3,3,3,5,6,5,7,4,7,7,4,7,5,2,7,3
2,41,6,6,4,2,7,6,3,6,1,5,5,7,4,5,3,2,2,2,8,5,5,2,3,2,1, , , ,7,5,7,7,1,1,7,2,6,7,2,7,7,1,7,7,7,7,7,1,5
2,40,7,6,7,7,7,6,7,6,6,6,7,7,7,7,7,2,6,3,9,2,9,2,2,1,3, , , ,7,7,7,7,4,7,7,4,7,7,4,7,7,4,7,7,7,7,7,7,7
2,39,1,1,1,7,1,1,1,1,1,1,1,1,1,1,1,2,9,9,1,9,1,2,3,2,2, , , ,7,1,7,7,1,5,7,7,5,7,1,7,7,7,5,7,4,7,7,7,4
2,39,1,1,2,6,2,1,6,1,6,1,7,2,2,2,6,2,1,1,1,1,2,1,1,1,4, , , ,5,6,4,5,1,2,4,1,1,1,5,4,1,5,4,1,5,2,1,5,3
2,39,5,3,7,7,5,1,1,2,1,2,1,5,1,4,1,2,2,1,2,1,2,1,1,1,3, , , ,3,4,6,3,2,3,3,7,5,3,6,2,4,5,5,3,7,2,3,5,6
1,38,5,2,2,3,3,2,1,1,5,2,2,4,5,2,2,2,1,3,7,1,4,4,1,3,5, , , ,3,2,6,6,1,3,5,1,3,5,3,5,2,2,5,6,1,4,4,1,4
1,38,7,2,7,7,4,1,6,1,7,1,4,2,6,2,7,2,2,1,7,6,1,7,4,6,2, , , ,7,5,7,7,1,3,6,1,7,6,1,1,6,3,6,6,2,6,5,1,6
2,37,4,4,4,5,3,3,3,4,3,3,3,3,3,4,2,3,1,3,9,1,6,3,3,2,3, , , ,3,3,4,3,4,4,1,5,4,4,4,5,7,6,6,3,5,6,6,7,5
2,37,7,2,7,7,2,1,2,2,2,2,1,2,2,1,1,2,3,1,1,1,1,3,3,3,4, , , ,7,7,7,7,1,7,7,1,4,7,4,7,7,7,7,7,7,7,7,7,1
1,36,1,2,2,2,2,2,2,1,2,1,2,2,1,2,1,2,2,2,9,9,9,8,3,7,4, , , ,2,2,5,4,2,1,2,2,1,5,2,2,5,1,1,6,1,2,5,1,3
1,36,2,1,1,4,1,1,1,1,2,1,4,1,1,1,1,2,1,1,5,1,1,1,1,1,3, , , ,2,2,6,4,1,2,2,1,2,4,1,4,3,1,4,4,3,1,2,1,2
1,35,2,2,5,2,5,3,6,2,2,4,4,6,4,6,2,2,2,5,2,4,9,1,3,1,3, , , ,6,3,4,2,3,6,3,2,4,2,2,2,2,2,2,6,5,5,2,4,3
1,35,4,1,2,1,2,1,1,1,1,1,2,2,2,2,1,2,2,2,1,2,2,1,1,1,3, , , ,2,2,2,5,2,4,5,1,4,4,7,4,6,2,5,3,2,1,3,1,1
1,35,6,7,2,6,1,6,7,6,6,5,2,1,2,1,6,3,2,2,7,7,4,8,7,8,4,65,36,38,6,7,6,7,7,6,6,6,7,6,7,7,6,6,6,7,7,6,6,5,6
1,35,6,7,2,5,2,6,5,6,7,6,2,3,2,1,6,2,2,2,8,7,2,7,8,8,4,76,41,36,6,5,6,6,7,6,6,6,5,6,6,5,6,5,6,5,6,7,6,6,5
2,35,6,6,6,3,5,5,5,5,1,5,5,4,6,5,2,2,3,6,6,2,4,2,1,1,2, , , ,1,4,7,2,2,3,3,2,4,3,4,3,2,3,3,5,5,6,4,3,4
2,35,5,1,7,6,7,1,5,1,4,1,6,2,3,1,3,2,1,4,5,6,6,7,8,7,5, , , ,4,1,7,5,1,4,5,1,4,5,3,6,5,2,6,4,3,6,3,1,5
1,34,6,1,2,2,2,1,2,1,1,1,2,2,2,2,1,3,5,8,9,9,9,9,9,9,3, , , ,1,1,4,1,1,5,1,1,2,3,1,3,1,1,3,1,1,3,1,1,3
1,34,2,1,6,6,1,1,4,1,2,1,3,1,2,1,1,6,9,9,9,9,9,4,3,3,5, , , ,5,6,6,7,3,4,4,2,3,6,6,4,7,3,6,5,4,3,7,4,7
1,34,6,2,4,6,1,2,4,6,7,4,1,5,1,4,6,3,2,4,7,6,6,8,3,6,2, , , ,2,1,5,6,2,7,5,1,3,2,1,3,1,4,3,1,2,2,4,2,5
1,34,5,3,3,3,2,4,2,7,5,3,4,5,2,6,5,2,1,2,9,1,2,4,2,2,4, , , ,1,1,1,2,1,1,1,1,1,1,1,1,1,1,2,1,1,1,1,1,1
1,34,5,3,3,6,4,3,4,4,5,2,3,2,4,5,4,6,4,5,6,7,5,6,6,5,3,10,2,19,4,6,7,7,3,7,4,1,6,7,2,3,4,5,4,4,5,3,5,4,3
1,34,7,6,2,5,1,7,6,5,6,7,3,2,1,3,7,9,7,8,9,7,1,7,8,9,4,86,78,94,4,5,6,6,4,5,7,7,6,5,4,5,6,7,4,5,6,7,6,5,4
1,34,6,6,3,6,4,6,3,5,4,4,3,4,4,3,5,2,2,3,7,6,6,6,4,6,4,10,0,20,3,6,5,7,5,7,4,1,7,7,4,5,3,4,5,4,3,4,5,4,3
1,34,7,5,1,7,7,4,3,6,7,5,1,3,2,3,5,2,2,3,9,8,9,9,6,9,4,30,10,30,2,4,6,7,1,7,3,1,5,7,1,5,7,5,7,1,1,1,2,1,1
1,34,6,7,2,5,2,7,6,5,6,6,2,1,2,2,5,2,2,2,8,7,2,8,7,8,4,66,42,47,6,6,4,5,6,6,5,7,6,5,6,4,6,6,7,6,7,6,5,6,6
1,34,6,5,3,6,3,6,5,7,6,5,4,3,4,3,4,2,2,2,8,6,3,7,6,8,4,18,10,29,1,2,6,7,1,7,4,1,6,7,1,5,4,3,5,4,3,5,4,3,2
2,34,7,3,3,7,4,2,7,3,2,2,7,5,4,4,7,3,8,8,9,9,8,5,5,6,3, , , ,4,2,7,6,2,7,5,2,5,6,4,4,5,3,6,6,7,6,6,4,7
2,34,7,4,7,7,4,5,7,5,3,4,3,4,7,5,5,2,1,1,1,1,1,1,1,1,3, , , ,5,3,7,6,5,7,5,2,4,6,1,3,4,7,5,5,7,4,6,7,7
1,33,6,3,1,2,3,2,2,3,2,2,2,3,6,3,2,4,5,6,9,9,9,3,2,3,3, , , ,3,2,4,5,2,4,4,1,4,4,2,3,4,2,4,4,2,4,5,3,5
2,33,3,3,1,1,3,2,1,2,1,1,3,3,2,3,2,4,3,3,9,2,9,3,2,2,3, , , ,2,3,5,3,2,4,6,2,2,3,3,4,5,1,4,3,3,6,5,4,2
2,33,7,5,3,3,4,4,3,5,1,4,2,5,6,5,2,2,2,6,8,1,2,3,3,2,2, , , ,4,5,7,6,2,5,6,2,6,5,7,4,4,2,7,5,7,7,5,2,5
2,33,7,3,3,6,3,2,6,2,2,2,5,3,5,2,4,2,1,2,7,2,3,8,6,7,2, , , ,5,6,6,5,4,5,5,3,3,2,4,4,5,4,6,5,7,6,4,4,7
2,33,7,2,4,7,5,1,7,4,2,2,7,4,5,4,6,2,1,1,9,5,5,1,1,1,3, , , ,1,6,7,1,4,7,1,3,6,1,3,7,1,4,7,1,7,7,1,4,7
2,33,3,6,2,3,4,3,6,6,1,5,3,4,2,5,6,4,4,2,7,4,5,6,2,2, , , , , , , , , , , , , , , , , , , , , , , , , 
1,32,5,6,2,2,6,5,1,6,4,5,1,5,6,6,1,2,2,1,1,1,1,3,3,1,3, , , ,1,5,7,7,7,2,5,4,5,5,6,2,5,7,6,6,7,1,6,7,2
1,32,4,4,4,2,4,3,3,3,3,3,2,4,3,3,4,2,1,1,1,1,1,1,2,1,3, , , ,6,4,6,6,1,3,6,1,4,6,4,1,6,6,4,6,3,3,5,6,4
2,32,7,1,4,7,1,1,7,1,1,1,1,1,1,1,1,3,5,9,9,9,9,5,5,5,2, , , ,2,1,7,7,1,7,2,1,7,7,1,4,7,1,7,2,4,7,7,1,7
2,32,5,3,2,2,6,5,6,3,2,4,6,6,6,3,2,2,4,3,8,8,9,7,1,4,4, , , ,3,1,5,1,1,2,1,1,1,4,3,1,1,1,3,2,2,2,1,1,2
2,32,7,3,6,5,5,2,5,3,2,3,7,5,6,4,6,2,2,2,6,5,8,2,2,2,4, , , ,1,6,5,2,5,7,1,3,6,2,5,4,2,5,5,2,3,4,2,3,5
2,32,7,3,2,4,3,5,3,3,2,2,2,2,2,2,2,2,3,1,5,1,3,4,2,1,4, , , ,6,6,7,7,2,6,4,1,7,7,7,7,7,7,6,7,7,7,7,7,7
2,32,7,3,1,5,3,1,1,1,1,1,4,4,4,4,4,3,3,3,7,7,3,9,9,9,5,0,0,0,1,1,3,7,1,1,4,1,1,7,1,2,3,1,2,2,1,1,4,1,2
1,31,7,4,4,7,5,3,4,2,3,3,6,4,3,4,4,1,1,1,5,1,3,2,2,2,3, , , ,1,5,6,1,1,4,1,1,5,1,1,5,1,3,6,1,1,3,1,1,5
1,31,4,3,5,3,5,3,3,3,3,3,5,6,6,6,3,2,2,2,1,1,9,2,2,2,4,10,9,38,3,4,4,4,4,4,4,3,3,3,2,2,2,2,2,3,2,3,2,2,2
2,31,7,6,1,6,1,7,6,7,6,7,1,2,1,2,7,5,6,6,8,9,2,8,9,8,4,65,70,76,6,7,6,7,6,7,6,5,6,7,7,6,6,7,6,6,7,6,7,6,6
1,30,1,1,7,1,7,1,1,1,1,1,7,7,7,7,1,2,2,2,1,1,1,1,1,1,5, , , ,7,7,7,7,7,7,7,7,7,7,7,7,7,7,7,7,7,7,7,7,7
1,30,3,4,5,4,4,4,5,4,5,4,4,4,3,4,4,2,1,2,1,1,8,1,1,1,5, , , ,4,4,4,4,4,4,4,3,4,3,3,3,4,3,4,3,3,4,3,4,4
1,30,2,2,4,6,5,2,2,2,4,4,3,4,4,4,3,2,2,3,5,5,7,5,6,6,3, , , ,4,2,7,6,1,6,3,2,4,6,2,6,4,2,7,5,2,4,4,2,6
1,30,3,2,2,7,3,2,4,1,1,2,3,2,5,2,6,2,5,5,8,7,8,6,5,3,3, , , ,4,2,6,5,1,6,7,1,4,5,4,3,3,1,5,7,5,4,4,1,5
1,30,1,1,7,7,1,1,1,1,1,1,1,1,2,1,1,4,7,7,9,7,2,8,7,7,5, , , ,4,5,7,5,2,5,3,1,6,6,2,7,5,3,6,5,1,6,5,2,6
1,30,6,7,4,4,4,5,2,2,4,3,3,5,5,1,3,2,3,2,8,6,3,6,6,7,3,44,48,45,4,7,7,7,7,4,7,4,4,3,5,4,4,3,4,4,4,6,5,7,5
2,30,7,7,7,7,7,7,7,7,6,7,7,7,7,7,7,1,1,1,1,1,1,9,6,1,1, , , ,1,7,7,1,3,7,1,6,7,1,7,7,1,7,7,1,7,7,1,7,7
2,30,6,7,2,6,1,6,7,6,7,6,2,1,1,2,7,8,6,8,8,9,3,8,9,8,3,71,82,74,6,7,6,7,6,7,6,6,7,6,7,6,7,6,6,7,6,7,6,7,6
2,30,6,6,3,6,3,6,7,6,7,6,2,1,2,1,6,7,7,8,8,7,2,7,8,7,4,65,75,74,6,7,6,5,6,7,6,6,7,6,5,6,7,6,6,5,4,6,5,4,6
2,30,5,4,3,4,3,5,6,5,6,6,4,3,4,3,4,6,7,6,6,7,4,5,6,5,4,77,75,76,5,6,5,6,5,5,6,5,6,5,6,5,6,5,5,6,5,6,5,6,5
2,30,5,6,3,6,3,5,6,5,6,5,3,2,3,2,5, , , , , , , , , ,4,44,59,66,5,6,5,6,6,5,6,5,6,5,5,5,6,5,5,6,5,6,5,6,5
2,30,6,7,2,7,2,6,7,6,7,6,2,1,2,1,6,1,2,1,2,1,8,1,2,1,4,68,66,69,4,5,4,5,4,5,4,5,4,5,4,5,5,4,4,5,5,4,5,4,4
1,29,7,3,5,6,3,2,5,4,6,2,2,4,5,3,6,2,3,3,9,5,7,2,4,2,3, , , ,3,4,5,5,2,4,3,1,5,6,3,5,7,2,6,6,3,7,7,3,5
1,29,6,6,4,7,2,2,5,6,5,5,6,6,6,5,4,2,3,2,3,2,5,3,3,4,3, , , ,3,7,5,6,1,4,3,1,4,7,5,6,6,2,5,2,4,5,4,5,3
1,29,4,5,3,5,3,7,6,6,6,6,2,3,2,3,6,1,1,1,1,1,9,1,1,1,4,61,51,67,6,6,6,6,6,6,6,6,6,6,6,6,6,6,6,6,7,6,7,6,7
1,29,5,3,2,3,3,2,5,5,3,3,2,5,3,4,6,1,2,2,7,4,4,3,2,5,3,53,45,29,6,5,4,6,6,2,6,6,3,3,6,5,2,5,6,4,3,6,6,2,5
1,29,6,4,2,4,2,3,5,3,5,5,4,2,3,4,2,1,1,1,1,1,1,1,1,4,4,36,52,34,6,4,5,2,4,4,2,1,2,3,3,2,2,3,1,2,4,2,2,1,3
1,29,4,4,3,4,4,3,5,4,4,4,6,4,4,5,3,3,2,3,3,3,1,4,4,4,3,26,0,7,3,3,5,2,1,5,2,4,5,4,3,5,3,5,5,2,3,3,2,2,4
2,29,5,2,2,6,6,4,4,4,2,4,1,4,1,4,3,2,1,1,6,6,7,1,1,1,2, , , ,4,4,7,5,4,4,4,4,5,6,6,7,4,4,4,4,6,7,4,4,7
2,29,7,5,6,7,5,3,6,5,4,4,7,5,7,4,6,2,1,2,5,2,4,7,5,5,4, , , ,2,4,6,3,1,5,4,2,6,6,4,6,3,3,5,4,7,7,5,4,6
2,29,6,5,7,5,3,2,6,2,6,6,6,2,4,2,5,2,2,3,6,4,3,1,1,2,3,13,5,4,4,3,7,6,2,6,5,3,6,5,6,5,7,6,6,6,6,5,6,5,7
2,29,4,5,4,4,3,5,4,4,5,5,4,3,3,4,5,6,6,6,5,6,5,4,4,5,3,41,27,46,3,4,3,5,5,7,7,4,4,4,4,4,5,6,4,4,4,5,3,4,5
2,29,3,5,2,3,3,3,6,5,2,6,3,5,2,4,4,3,7,4,5,2,8,3,1,5,3,62,47,84,2,5,3,5,2,3,4,4,6,5,4,5,5,3,5,2,4,6,4,2,5
2,29,7,2,1,7,1,1,5,1,2,1,5,7,7,1,1,2,2,1,1,1,1,1,1,6,4,53,22,64,3,4,4,5,4,5,4,4,5,4,5,4,3,5,4,3,5,5,3,4,5
1,28,5,2,3,5,4,2,2,2,2,2,4,6,4,2,1,2,1,1,8,8,9,4,2,3,3, , , ,4,1,5,6,1,5,5,1,3,4,2,3,3,1,4,3,1,4,3,1,5
1,28,6,5,5,4,4,3,6,3,3,4,2,5,4,4,5,2,2,3,7,6,7,6,4,6,3, , , ,3,4,5,3,2,4,3,2,5,2,3,4,4,3,5,2,3,3,4,3,4
1,28,7,1,7,7,3,1,6,1,6,1,7,2,7,2,6,2,2,1,4,4,3,5,4,4,4, , , ,6,6,6,6,2,7,6,2,6,6,2,6,6,6,6,4,6,6,6,6,6
1,28,4,4,4,4,4,4,4,4,4,4,4,4,4,4,4, , , , , , , , , ,4,64,49,88,6,6,6,6,6,6,6,6,6,6,6,6,6,6,6,6,6,6,6,6,6
1,28,6,4,3,3,4,3,5,4,5,5,5,5,4,3,4,7,3,2,7,7,6,5,4,6,4,29,2,10,2,3,1,2,1,3,2,5,5,3,4,4,5,4,2,2,3,3,3,2,3
1,28,3,5,3,5,2,4,6,6,5,4,5,3,2,3,5,2,2,2,4,3,5,3,6,5,4,18,11,6,4,5,5,6,6,6,6,4,5,5,5,4,4,5,3,4,4,6,4,4,5
1,28,6,4,3,5,5,5,7,4,5,5,4,1,3,2,6,8,5,6,9,5,3,5,9,7,4,73,40,60,5,7,4,6,5,5,7,5,3,7,5,6,6,4,6,4,5,5,4,7,4
1,28,5,7,3,6,2,2,5,3,6,6,3,4,1,3,5,6,5,8,4,7,3,7,7,4,3,65,58,44,5,7,5,6,6,4,6,3,5,7,5,6,6,5,7,4,4,6,5,5,7
2,28,1,1,4,7,7,1,1,4,1,1,7,4,7,7,1,2,1,1,9,9,9,8,8,8,2, , , ,3,1,7,6,1,3,4,1,1,6,4,1,6,1,5,5,6,4,5,1,5
2,28,5,4,3,5,4,5,4,3,3,5,3,3,4,4,7,3,2,4,6,4,3,8,6,5,4, , , ,4,6,4,4,5,3,4,5,3,3,3,5,5,4,4,6,5,3,4,5,4
2,28,1,1,2,1,3,1,1,1,1,1,3,3,3,3,1,2,2,2,1,1,1,1,1,1,3, , , ,1,1,2,6,4,5,5,1,4,4,6,4,4,5,6,3,7,4,3,3,4
2,28,7,6,2,5,2,7,6,7,6,6,1,2,1,2,6,9,8,8,9,8,3,9,7,9,5,51,52,54,7,6,7,7,6,6,6,7,5,7,6,5,7,6,7,5,6,7,6,6,7
2,28,5,6,3,6,3,5,6,5,6,5,4,3,4,3,4,5,6,5,5,6,5,6,7,5,4,24,27,31,5,6,5,6,5,6,5,5,6,5,6,5,6,5,5,6,5,6,5,6,5
2,28,7,6,2,7,2,7,6,7,5,6,3,2,2,2,6,8,7,8,8,8,4,8,6,8,5,49,46,53,7,6,7,6,7,6,7,7,6,6,6,7,6,6,7,6,5,6,7,6,6
1,27,5,7,5,4,4,6,3,5,2,6,5,1,3,4,6,2,2,2,8,6,3,6,5,9,3, , , ,6,4,7,4,7,5,3,5,3,6,4,5,6,5,7,5,6,4,4,6,5
1,27,2,4,6,6,4,2,3,4,2,5,3,4,7,5,5,4,3,4,7,5,8,8,6,5,3, , , ,3,3,5,6,1,2,4,2,5,6,4,5,5,3,5,6,3,4,3,3,4
1,27,2,2,6,2,4,3,3,1,1,2,6,5,7,7,1,5,7,6,5,5,7,4,4,6,5, , , ,2,3,5,6,6,2,6,2,5,1,6,3,6,5,6,5,7,7,4,2,5
1,27,7,1,4,7,1,7,5,1,4,1,4,3,7,1,4,2,4,6,9,5,9,5,5,5,5, , , ,7,4,7,7,1,7,7,1,7,7,1,3,7,1,7,7,7,4,7,1,7
1,27,6,4,3,4,4,2,6,4,4,2,5,5,5,5,4,2,2,1,2,2,2,4,2,2,4, , , ,4,5,6,5,6,5,5,4,4,5,6,7,4,5,6,3,6,5,4,6,7
1,27,6,5,3,5,3,4,5,6,5,6,3,3,3,3,4,7,5,8,6,5,3,5,5,8,4,53,49,58,4,6,6,3,6,4,6,4,4,5,5,6,3,5,4,5,4,5,3,4,6
1,27,7,2,6,1,4,2,6,2,4,1,6,4,5,3,4,1,1,1,9,4,5,9,4,2,2,5,1,5,2,4,6,7,4,5,3,3,5,4,5,6,6,3,6,4,4,5,5,3,6
2,27,7,1,2,7,4,1,4,1,1,2,5,3,5,2,2,2,1,3,9,6,8,1,1,1,4, , , ,3,2,6,5,1,3,2,1,3,5,3,4,2,2,4,2,5,6,2,2,6
2,27,6,6,2,7,2,6,6,7,6,6,2,3,2,2,6,1,1,1,1,1,9,3,5,5,4,32,45,66,6,6,7,6,6,6,6,6,6,7,6,7,6,6,6,6,6,6,7,6,6
2,27,7,6,1,6,1,6,6,6,7,6,2,1,2,2,7, , , , , , , , , ,5,10,20,50,7,7,7,7,7,7,7,7,7,7,7,6,6,6,6,6,7,6,6,7,6
2,27,4,5,4,3,4,3,3,4,5,4,4,5,4,4,5,5,6,7,5,4,6,6,5,4,3,53,33,38,5,4,4,5,5,4,4,5,4,3,4,4,5,4,4,5,6,5,4,4,3
2,27,4,4,4,4,4,4,4,4,4,4,4,4,4,4,4,2,2,2,1,1,9,1,1,1,3,49,49,48,7,7,7,7,7,7,7,7,7,7,7,7,7,7,7,7,7,7,7,7,7
2,27,7,7,7,7,7,7,4,7,1,7,1,7,7,7,1,2,8,8,9,9,8,9,1,9,1,50,0,0,4,5,7,7,3,4,6,1,3,6,4,7,7,2,6,3,7,5,5,1,3
2,27, , , , , , , , , , , , , , , , , , , , , , , , , , , , , , , , , , , , , , , , , , , , , , , , , 
2,27, , , , , , , , , , , , , , , , , , , , , , , , , , , , , , , , , , , , , , , , , , , , , , , , , 
1,26,7,5,7,7,5,4,7,5,1,4,7,5,6,5,7,2,9,9,9,9,9,3,3,3,2, , , ,3,1,5,3,1,6,3,1,6,3,1,5,3,1,4,4,1,6,3,1,7
1,26,5,4,6,4,3,5,3,5,6,4,2,6,6,5,4,3,3,2,7,6,6,7,4,5,2, , , ,3,5,6,4,2,5,5,6,3,4,1,6,4,5,5,3,3,4,5,3,6
1,26,5,4,3,3,5,6,4,5,3,3,4,3,2,4,5,6,2,1,6,5,4,5,4,6,4, , , ,5,6,4,5,4,5,3,3,2,5,4,5,3,3,3,5,4,4,2,2,4
1,26,5,7,2,7,2,5,7,5,7,6,3,1,4,1,6,8,9,7,1,8,3,8,9,8,5, , , ,4,7,3,5,3,6,5,5,6,4,6,4,5,6,5,4,6,5,7,7,6
1,26,6,4,2,4,3,4,3,5,7,4,2,5,4,2,1,2,1,1,7,8,7,6,3,2,4,10,0,10,6,5,7,7,2,5,4,1,4,6,2,5,7,1,5,6,7,1,5,3,4
1,26,2,1,1,2,6,2,5,2,1,1,6,2,6,2,2,6,3,7,8,7,7,7,5,6,5,10,1,1,3,4,7,5,1,3,1,1,3,7,5,7,3,2,5,7,4,6,3,5,7
1,26,4,4,3,4,3,3,2,2,3,2,5,6,4,3,4,1,1,1,8,8,8,7,5,5,2,18,12,26,4,4,4,4,4,4,4,4,4,4,4,4,4,4,4,4,4,4,4,4,4
1,26,4,3,3,4,4,3,5,4,3,4,3,3,4,5,4,4,3,4,7,6,6,4,6,5,2,40,30,40,3,2,6,3,1,3,1,1,1,1,3,4,4,3,5,4,3,4,4,4,3
1,26,5,4,3,5,4,5,4,5,4,5,3,5,4,3,4,1,1,1,1,2,7,6,5,6,3,54,35,43,5,3,4,6,3,4,4,2,6,4,5,5,6,5,5,4,5,4,5,5,4
1,26,7,3,3,1,4,1,1,1,3,1,4,5,5,3,1,2,2,2,9,6,5,6,4,5,3,10,0,0,5,4,3,4,3,4,3,4,4,3,4,5,4,4,4,5,4,3,4,5,4
1,26,4,5,5,3,5,3,4,3,4,4,4,4,4,4,5,1,1,1,3,5,4,9,8,8,3,12,4,10,1,3,4,4,5,3,3,5,4,7,5,5,4,4,4,5,4,4,5,3,5
1,26,5,4,5,2,5,4,2,3,4,5,5,5,6,5,3,2,1,1,6,6,5,2,2,1,3,39,28,23,4,3,4,5,3,3,4,2,3,2,3,3,2,3,5,4,3,4,3,3,4
1,26,5,4,2,5,3,5,3,2,2,3,5,5,5,6,2,3,2,2,6,7,6,8,7,8,3,21,25,30,3,4,6,6,6,4,5,5,6,7,5,6,5,5,6,4,5,2,6,7,6
1,26,7,5,2,4,3,6,5,6,4,6,2,4,3,3,6,8,6,8,7,5,2,9,6,8,4,84,66,78,6,4,6,3,5,5,4,6,5,6,4,6,5,7,6,4,5,7,4,6,5
1,26,6,3,4,2,3,5,6,7,3,5,3,4,1,2,5,7,6,9,8,9,5,7,7,6,4,40,31,60,5,4,6,7,6,5,4,4,3,5,4,3,5,6,5,7,6,4,6,5,5
1,26,7,1,2,1,1,1,2,1,6,1,1,2,3,1,1,1,2,2,9,9,9,7,5,7,4,24,15,53,4,1,6,5,1,5,2,1,6,7,2,1,6,1,6,7,1,5,6,3,6
1,26,6,4,5,5,2,4,6,4,3,6,3,5,3,5,4,7,4,6,7,8,3,6,4,8,4,56,37,37,4,3,5,6,6,6,5,6,7,6,5,6,5,5,5,6,6,3,6,5,6
1,26,4,2,5,5,4,3,2,5,4,3,5,3,4,5,6,5,3,7,5,2,2,6,7,5,4,39,21,55,5,3,4,5,2,4,5,5,3,5,2,4,3,4,4,3,5,4,2,4,3
1,26,7,5,2,4,2,5,4,7,5,6,2,4,1,3,6,6,9,8,5,8,3,7,5,8,4,89,77,96,5,7,5,7,6,7,4,7,6,4,7,6,6,5,7,6,7,5,7,6,5
1,26,5,7,2,7,4,7,4,7,5,7,3,1,4,1,6, , , , , , , , , ,4,80,71,98,6,7,4,7,6,4,5,6,4,5,6,7,5,5,7,6,7,5,7,6,4
1,26,4,5,4,5,2,3,5,4,4,3,5,3,3,4,3,4,5,4,5,4,7,4,5,4,4,15,2,3,3,6,5,4,3,4,3,6,4,3,3,4,5,4,3,5,4,3,2,5,3
1,26,5,2,1,3,4,2,3,4,1,3,5,7,7,6,1,2,2,2,9,8,1,5,9,8,4,13,9,29,2,3,1,2,3,1,1,2,1,2,1,2,2,1,3,1,2,1,1,7,1
1,26,6,5,1,6,2,6,5,6,4,6,2,3,2,4,6,8,6,7,9,8,2,9,5,7,4,84,71,95,6,7,4,7,6,7,5,7,6,7,4,7,6,7,4,7,6,5,4,6,5
1,26,6,5,3,4,4,5,3,4,5,5,6,5,4,5,4,2,2,1,2,2,3,6,5,4,4,29,17,16,5,4,2,5,3,2,2,1,2,2,3,3,2,3,5,4,2,2,3,2,2
1,26,6,5,2,2,2,7,6,4,1,1,6,7,7,6,1,2,3,1,1,2,9,1,1,2,5,24,21,11,2,1,2,5,6,2,5,6,4,2,3,2,1,2,2,1,1,1,2,1,1
1,26,6,3,4,1,5,2,1,3,3,2,6,5,5,7,4,7,7,4,3,8,3,7,9,6,5,31,7,12,4,6,6,4,5,6,6,6,3,5,6,5,5,5,5,3,4,7,5,5,5
1,26,5,6,2,5,2,5,6,7,6,5,3,2,4,2,5,7,6,7,7,8,4,7,6,7,4,66,65,64,6,6,5,6,5,6,6,6,5,6,5,4,5,6,6,5,6,5,6,5,6
1,26,6,7,2,7,2,6,7,6,7,6,2,1,2,1,6,7,8,9,7,8,5,7,8,9,5,69,82,92,6,7,6,7,7,6,7,6,7,6,7,6,7,6,6,7,6,5,6,7,6
1,26, , , , , , , , , , , , , , , , , , , , , , , , , , , , , , , , , , , , , , , , , , , , , , , , , 
1,26, , , , , , , , , , , , , , , , , , , , , , , , , , , , , , , , , , , , , , , , , , , , , , , , , 
1,26,7,2,1,6,2,2,5,2,7,2,2,6,3,1,5,2,2,1,1,2,1,2,3,2,3,4,0,0,2,6,6,7,2,3,6,1,6,7,5,6,7,4,5,5,3,2,2,7,2
1,26,2,2,6,3,7,1,1,2,1,1,7,6,7,7,1,1,1,1,2,3,8,6,4,5,3,27,59,40,1,1,2,1,2,1,1,1,2,1,1,2,2,1,1,2,1,2,1,2,1
1,26,5,3,5,4,3,4,4,5,4,4,4,4,4,4,5,2,2,2,6,6,5,7,6,6,3,19,12,13,4,2,6,6,2,5,4,2,5,6,1,6,3,3,6,5,3,6,4,3,6
1,26,5,4,5,3,5,2,1,4,2,3,2,4,6,3,3,2,3,5,7,6,7,2,2,3,3,16,8,3,6,3,6,5,4,5,5,2,5,4,3,5,6,5,5,6,6,4,3,6,7
1,26,7,4,7,3,3,2,7,4,5,3,7,4,6,4,4,1,1,1,9,5,5,8,2,2,3,5,0,10,3,4,7,5,3,5,4,2,4,5,4,6,5,3,5,3,1,6,3,3,5
1,26,1,1,1,1,7,1,1,1,1,1,7,7,1,3,1,1,1,1,1,1,1,1,1,1,4,49,7,6,3,1,5,3,1,1,1,1,1,1,1,1,1,1,1,1,1,1,1,1,1
1,26,7,1,4,4,1,1,4,1,7,1,4,1,1,1,1,4,3,3,9,9,9,5,5,5,4,25,0,0,5,1,6,5,1,4,4,1,1,4,3,5,4,1,4,4,7,5,4,1,2
1,26,6,4,4,7,3,6,5,6,6,4,4,3,4,2,6,5,7,4,4,5,5,4,4,6,4,15,55,34,2,5,4,3,4,4,5,4,3,4,5,4,4,5,4,3,4,4,4,5,5
1,26,7,1,7,7,1,1,7,1,1,1,7,1,7,1,1,2,3,3,9,9,9,5,5,5,5,50,50,50,4,4,7,7,1,4,4,1,7,7,1,7,7,4,7,4,7,7,7,7,7
1,26,6,2,2,4,4,2,3,3,4,3,4,5,3,3,5,5,5,3,9,9,7,8,5,7,4,22,16,24,5,3,6,7,1,1,3,1,5,5,2,6,2,2,5,3,7,5,3,1,5
1,26, , , , , , , , , , , , , , , , , , , , , , , , , , , , , , , , , , , , , , , , , , , , , , , , , 
2,26,4,5,5,5,6,2,4,3,3,5,6,4,3,5,3,2,1,1,5,4,4,4,5,4,4, , , ,2,3,6,5,3,5,4,3,4,5,3,2,3,4,3,4,2,4,3,5,4
2,26,7,2,6,7,2,2,7,2,7,1,7,2,6,2,7,2,6,5,9,9,9,2,2,2,4, , , ,4,7,7,4,1,7,4,1,7,4,7,7,4,1,7,4,7,7,4,1,7
2,26,7,2,2,2,3,1,3,1,3,1,3,1,2,2,2,2,1,1,4,1,1,2,3,2,4, , , ,6,4,5,1,7,4,4,4,5,1,3,4,1,3,3,2,2,3,1,1,5
2,26,7,2,5,4,5,6,5,4,2,4,2,2,5,6,2,2,1,1,5,1,1,1,1,1,2,45,28,48,1,1,7,1,1,7,1,1,7,1,7,7,1,7,7,1,7,7,1,1,7
2,26,7,3,7,7,6,2,7,5,1,2,7,7,6,6,4,2,2,1,9,1,8,9,5,1,4,65, ,42,4,4,3,7,1,3,1,1,4,7,1,7,7,7,7,3,7,3,5,1,7
2,26,7,7,2,6,2,5,4,7,4,4,4,4,3,3,5,1,1,1,5,1,1,2,3,1,4,90,70,72,5,7,7,7,7,7,7,7,7,7,7,7,6,6,5,6,7,6,6,7,6
2,26, , , , , , , , , , , , , , , , , , , , , , , , , , , , , , , , , , , , , , , , , , , , , , , , , 
2,26,6,7,2,4,2,6,7,6,4,7,4,5,6,3,6,7,8,9,9,8,5,9,4,8,4,88,77,66,7,5,4,6,7,6,7,6,7,6,4,6,7,6,6,7,6,7,6,7,6
2,26,1,1,1,1,1,7,7,1,7,7,1,1,7,1,7,6,9,1,1,9,9,2,9,9,4,87,68,93,7,1,7,7,7,1,7,1,1,1,7,1,2,7,1,7,7,1,1,7,7
2,26,5,3,4,4,4,1,4,4,4,5,2,3,4,3,4,1,1,1,3,2,3,7,1,1,3,29,19,14,3,3,6,6,7,6,3,2,4,4,4,4,6,6,4,4,5,3,6,5,4
2,26,7,3,6,6,6,1,5,2,5,2,7,7,6,4,4,2,1,1,1,3,6,5,1,5,2,5,2,2,1,1,1,1,1,1,1,1,1,1,1,1,1,1,1,1,1,1,1,1,1
2,26,6,3,5,3,2,2,2,2,2,2,2,3,6,2,2,1,1,1,7,7,7,8,8,8,2,3,0,0,1,4,6,2,1,1,6,1,5,3,7,5,2,2,6,1,6,6,2,6,6
2,26,7,3,1,7,6,2,7,1,4,2,7,4,6,4,6,2,3,2,7,8,8,5,5,6,3,31,20,20,5,5,7,6,4,7,5,2,7,5,3,6,5,2,7,5,7,7,5,4,7
2,26,5,2,5,3,3,4,3,3,1,2,4,3,3,3,2,1,1,2,7,4,5,7,5,3,3,30,0,10,7,7,7,7,5,6,7,2,3,7,5,5,7,3,3,7,7,7,7,6,7
2,26,5,4,4,4,4,4,3,3,3,4,4,4,4,4,4,2,3,3,5,5,6,4,4,4,3,7,9,10,4,4,5,3,4,4,4,4,4,4,3,4,4,4,4,4,4,4,4,3,6
2,26,7,2,6,6,3,1,6,3,1,1,3,2,4,4,2,2,1,1,1,1,1,1,1,1,3,18,0,0,7,7,7,7,6,6,7,7,4,5,7,7,4,7,7,4,7,7,5,7,5
2,26,7,2,6,7,2,1,7,1,5,1,7,2,7,1,5,1,1,3,9,3,6,2,3,5,4,31,20,0,2,1,5,7,1,6,4,1,3,4,2,6,4,2,7,7,5,4,3,1,7
2,26,5,6,2,7,6,3,1,5,7,3,2,6,5,3,5,2,4,4,9,9,9,3,3,2,4,27,11,16,5,6,7,6,4,6,5,3,5,5,7,7,5,3,6,4,7,7,5,6,7
2,26,7,1,7,2,1,1,4,1,1,1,3,1,1,1,2,2,1,2,1,1,1,2,2,1,4,11,4,0,2,1,4,7,2,5,6,2,1,5,1,4,7,1,3,5,2,4,7,2,6
2,26,6,4,3,7,4,2,5,4,6,2,5,4,6,4,6,2,1,1,5,1,1,1,1,1,4,22,7,16,1,5,7,2,1,7,1,3,7,2,7,4,1,7,6,1,7,6,1,1,7
2,26,6,4,3,4,3,6,4,1,2,2,5,5,4,3,2,2,5,7,7,3,3,2,2,3,4,17, ,16,7,5,3,7,1,4,4,1,5,7,5,3,5,5,6,6,7,5,7,1,2
2,26,7,1,6,2,1,1,2,1,1,1,1,7,2,1,1,3,2,6,9,9,9,8,8,8,5,29,36,28,5,4,7,7,1,5,5,1,6,7,6,6,7,4,7,6,7,7,7,1,7
2,26,7,4,7,7,4,1,7,4,1,4,7,7,7,4,4,2,1,1,1,1,1,1,1,1,5,22,4,11,7,7,7,7,1,1,7,7,7,7,1,7,7,7,7,7,7,7,7,1,7
2,26,7,1,2,4,1,1,7,1,2,1,6,1,4,1,5, , , , , , , , , ,5,25,14,2,2,1,6,4,1,3,6,1,4,6,3,4,3,2,5,4,5,2,4,1,5
2,26,7,1,7,7,1,1,7,1,7,1,7,1,7,1,7,2,1,1,1,1,1,1,1,1,5,18,13,10,1,7,7,1,7,7,1,7,7,1,7,7,1,7,7,1,7,7,1,7,7
2,26,6,1,3,2,4,1,6,5,2,3,7,7,6,2,6,2,1,4,9,7,7,1,1,1,4,80,68,78,5,6,7,3,2,7,2,1,7,2,5,7,3,4,6,2,6,7,2,3,7
2,26,6,6,6,5,2,6,3,6,2,5,2,6,6,5,2,2,3,7,8,8,8,8,3,2,1,50,10,10,1,2,5,5,1,3,4,1,3,7,7,6,6,1,2,4,7,6,7,1,5
2,26,6,3,7,7,7,2,6,2,1,1,3,7,7,5,1,2,1,1,1,1,1,1,1,1,3,14,0,0,7,7,7,7,7,7,4,7,5,5,7,4,4,7,7,4,7,7,7,7,6
2,26,3,3,5,4,5,3,4,4,3,4,4,5,4,4,4,2,3,4,7,6,4,2,2,2,4,20,10,10,5,4,5,5,5,4,5,4,4,5,5,4,5,4,4,4,5,4,4,5,5
2,26,7,4,3,6,6,1,4,1,1,1,7,7,4,6,2,2,2,2,5,1,1,1,1,1,3,19,0,0,7,4,7,7,1,3,5,4,4,7,7,7,7,3,5,7,7,7,7,3,4
2,26,6,4,3,6,4,4,4,4,4,4,4,4,4,4,4,2,4,4,3,1,5,2,2,2,2,25,0,0,6,6,5,6,5,6,5,4,5,5,4,4,5,6,5,5,5,6,5,4,5
2,26,6,6,6,3,6,6,4,6,1,5,4,6,4,6,2,2,1,1,1,1,1,3,3,3,3,33,0,0,7,7,7,7,2,6,6,2,7,7,5,6,7,3,5,2,7,5,7,7,7
2,26,5,2,3,2,4,5,4,5,2,5,5,6,6,4,3,2,1,1,5,5,5,5,5,5,3,47,47,48,5,5,4,5,5,3,4,4,4,4,5,4,5,4,4,3,3,4,5,4,4
2,26, , , , , , , , , , , , , , , , , , , , , , , , , , , , , , , , , , , , , , , , , , , , , , , , , 
2,26,5,4,6,6,5,5,4,5,3,4,3,5,5,5,3,2,9,9,8,8,9,3,3,3,3,50,30,20,7,1,7,7,1,1,1,1,4,7,1,7,6,1,7,7,3,7,7,1,4
2,26, , , , , , , , , , , , , , , , , , , , , , , , , , , , , , , , , , , , , , , , , , , , , , , , , 
2,26,6,6,6,6,7,6,6,6,3,4,6,6,7,7,7,2,3,3,6,2,5,3,3,2,2,65,12,48,3,5,5,6,2,4,3,2,3,5,4,7,6,4,4,3,7,5,5,2,5
1,25,7,6,6,7,5,3,3,4,3,5,4,6,3,3,2,2,1,1,7,7,6,8,1,6,2, , , ,6,4,2,7,3,3,3,1,4,3,1,5,2,2,3,7,1,6,4,1,5
1,25,5,4,2,3,4,3,3,4,6,4,4,5,3,4,5,6,4,2,7,6,8,6,5,3,5, , , ,5,6,4,5,5,4,6,5,5,4,5,4,5,5,4,5,4,6,5,5,4
1,25,5,4,2,5,2,6,5,6,6,5,3,2,3,1,6,3,4,2,1,9,9,9,9,9,4, , , ,4,7,7,1,1,1,7,1,7,4,4,4,7,4,4,4,3,5,4,6,7
1,25, , , , , , , , , , , , , , , , , , , , , , , , , , , , , , , , , , , , , , , , , , , , , , , , , 
1,25, , , , , , , , , , , , , , , , , , , , , , , , , , , , , , , , , , , , , , , , , , , , , , , , , 
1,25,7,4,2,3,3,4,4,4,4,4,4,4,4,4,4,1,1,1,1,2,5,5,5,5,1,39,1,3,7,1,7,7,1,1,1,1,3,3,2,2,5,2,6,6,2,7,7,4,6
1,25,7,3,3,1,3,1,1,5,1,1,5,5,5,5,4,2,1,1,7,7,5,7,7,7,1,0,0,0,7,2,6,7,2,4,2,1,5,4,1,5,4,1,7,7,2,5,5,4,7
1,25,6,3,2,5,4,5,3,5,3,5,3,4,2,3,4,6,5,7,6,4,4,7,7,3,3,71,55,57,5,4,6,5,4,6,5,5,3,4,6,5,4,5,4,3,6,5,4,5,4
1,25,1,2,3,4,3,3,6,4,4,4,2,4,5,3,3,1,1,1,2,2,9,1,2,1,3,41,50,45,5,4,4,3,2,2,3,1,1,2,2,4,3,4,4,3,4,4,3,1,2
1,25,6,5,6,3,1,6,6,7,7,7,2,2,1,1,7, , , , , , , , , ,3,40,10,5,7,4,5,1,4,5,2,5,3,6,4,4,5,3,5,7,3,1,4,2,5
1,25,5,3,1,4,3,6,4,5,5,3,3,5,3,3,7,7,5,6,6,4,2,6,4,7,3,74,59,78,6,4,6,5,6,5,4,5,4,3,6,5,6,4,5,4,6,4,5,5,4
1,25,6,5,3,5,2,6,5,5,4,5,3,4,3,2,6,2,2,2,1,5,3,3,5,5,3,64,52,68,6,5,6,5,4,5,6,1,6,4,1,4,5,4,7,4,2,6,3,1,1
1,25,3,4,3,6,1,5,5,6,4,5,4,3,4,3,4,4,5,6,5,6,5,6,6,6,4,20,15,13,3,5,6,5,4,4,5,2,3,5,4,5,4,5,4,5,4,5,5,6,6
1,25,5,4,3,3,3,5,3,4,3,6,3,5,4,2,4,6,5,7,7,5,6,7,5,7,4,72,64,74,5,4,5,6,5,7,5,5,4,3,5,6,5,5,4,5,6,4,5,6,3
1,25,6,5,4,5,3,4,5,4,6,5,4,5,2,3,5,6,5,6,6,5,4,6,5,7,4,30,27,8,6,5,5,6,5,4,4,6,5,6,4,6,4,4,6,4,6,4,5,3,5
1,25,5,4,3,5,4,4,6,5,5,4,4,2,4,4,5,6,4,8,6,4,5,6,4,6,4,42,54,84,4,5,4,3,4,5,4,5,4,5,4,4,3,5,4,5,4,4,4,5,4
1,25,7,6,3,6,1,7,6,5,6,7,1,2,2,1,6,9,7,8,9,8,3,9,8,7,4,66,75,81,7,5,6,6,7,6,6,7,6,5,6,7,6,5,7,6,5,6,7,6,5
1,25,4,5,5,4,5,4,3,5,4,3,3,4,5,4,5,4,2,3,4,3,6,5,4,5,2,30,20,31,3,1,7,7,4,3,4,1,1,2,3,2,3,3,5,4,3,4,5,4,4
1,25,7,6,3,6,1,7,7,6,5,6,1,2,3,2,7,9,7,8,9,8,3,9,6,8,3,76,65,58,7,6,5,6,7,6,5,7,6,6,6,7,6,5,7,6,6,5,6,7,6
1,25,7,5,3,6,3,5,3,5,6,2,4,5,3,3,6,3,2,2,1,3,8,3,2,2,4,40,20,70,6,3,4,7,7,5,4,2,3,6,3,6,5,3,7,3,2,2,2,3,2
1,25,7,6,1,6,1,7,6,7,6,7,1,2,1,2,7,7,8,9,8,9,2,8,9,8,3,52,52,52,7,6,7,6,7,6,7,7,6,7,6,7,7,7,7,6,7,6,7,6,7
1,25,7,5,2,5,1,5,6,4,7,6,2,1,3,2,4,8,6,7,7,6,2,8,6,9,5,84,68,90,6,3,5,4,6,2,5,5,6,3,4,2,6,5,5,7,4,3,5,4,6
1,25,2,2,3,2,6,2,4,2,2,2,3,6,6,4,2,3,3,2,6,5,5,3,6,5,4,32,28,26,2,5,6,6,2,5,5,2,2,2,2,1,1,3,4,2,2,4,2,2,5
1,25, , , , , , , , , , , , , , , , , , , , , , , , , , , , , , , , , , , , , , , , , , , , , , , , , 
1,25, , , , , , , , , , , , , , , , , , , , , , , , , , , , , , , , , , , , , , , , , , , , , , , , , 
1,25,7,6,1,5,1,7,5,6,7,6,1,3,2,3,7,7,6,7,8,7,2,9,6,5,4,100,62,76,7,5,6,7,6,6,7,7,6,7,5,6,7,6,7,5,6,7,5,7,6
1,25,7,6,1,5,2,7,6,5,7,6,1,3,2,1,6,6,5,7,8,6,2,8,7,8,5,90,84,95,6,5,7,5,7,5,6,7,5,6,5,6,4,6,7,5,6,7,6,5,6
1,25,7,5,2,6,2,7,6,7,5,7,1,3,2,2,6,8,9,8,7,8,1,7,8,9,4,66,80,92,6,7,6,7,7,6,7,6,7,6,7,7,6,7,6,7,6,7,6,7,7
1,25,6,2,3,3,3,4,4,3,4,5,4,3,4,3,4,2,3,4,4,5,4,5,5,6,4,43,55,46,4,3,6,5,4,5,4,2,3,4,4,4,4,4,5,4,5,4,4,4,4
1,25,3,4,5,4,5,3,4,4,3,5,5,3,5,4,4,2,3,1,1,3,5,5,6,5,2,13,8,16,5,3,7,6,3,6,5,5,6,4,6,5,6,5,4,5,6,5,4,7,4
1,25,7,5,3,2,2,4,4,4,6,4,3,3,4,4,2,4,3,4,9,9,9,9,7,4,5,30,5,15,7,4,5,4,3,5,5,2,5,6,4,6,5,3,7,6,6,7,6,3,5
1,25,5,5,2,2,7,5,2,6,5,5,1,5,4,6,4,1,2,2,8,5,8,3,3,2,2,8,1,1,1,1,6,7,1,1,2,1,7,7,4,6,7,1,5,7,7,4,5,1,1
1,25,7,5,6,5,4,4,4,3,1,1,4,5,5,5,2,2,1,1,3,3,3,2,2,2,2,35,18,25,7,7,7,6,2,6,4,2,5,5,5,6,5,2,6,6,6,6,5,7,7
1,25,6,3,6,5,6,2,2,2,2,2,2,3,3,3,2,3,6,6,2,1,3,2,2,1,2,5,1,7,4,4,4,5,2,5,2,2,2,6,2,2,5,2,5,3,6,2,5,2,5
1,25,6,2,4,1,3,6,5,2,7,3,3,5,3,5,1,8,3,7,7,2,3,5,7,2,3,54,54,35,5,2,4,1,6,3,5,2,6,5,2,6,4,6,6,2,6,2,4,1,6
1,25,7,3,7,7,5,1,7,1,7,1,7,5,7,2,6,2,1,2,1,1,9,2,2,1,3,18,1,1,4,6,7,7,3,5,1,4,6,7,3,7,1,7,7,3,7,7,7,7,7
1,25,4,3,1,7,4,1,4,4,1,1,6,3,1,2,1,5,3,3,9,9,5,5,5,5,3,25,25,25,7,1,7,7,1,1,7,1,1,7,1,7,7,1,4,7,7,1,7,7,4
1,25,5,5,3,3,5,2,3,3,3,3,3,5,6,5,1,1,1,1,6,6,6,6,3,5,4,4,2,2,6,1,7,7,1,6,5,1,2,5,3,5,6,1,3,5,2,4,6,1,5
1,25,1,1,7,1,7,2,2,2,4,3,5,6,6,6,3,2,1,2,1,1,1,1,1,1,4,7,5,3,4,4,6,6,1,5,5,1,3,5,6,5,5,5,5,3,4,6,6,4,6
1,25,7,1,1,7,1,5,1,1,1,1,3,3,3,3,1,1,1,1,9,9,9,9,9,9,4,51,21,25,1,1,7,1,1,2,1,1,5,1,1,5,1,1,6,1,1,5,1,1,5
1,25,1,1,4,1,1,1,4,1,4,1,7,1,1,1,7,2,1,1,1,1,1,1,1,1,5,0,2,9,7,7,7,7,7,7,7,1,4,7,4,7,7,7,7,7,7,4,7,4,7
1,25,5,1,5,5,2,2,3,1,5,2,4,2,4,1,4,2,3,4,9,7,7,3,2,1,5,39,33,25,1,2,7,2,1,7,1,1,3,1,4,7,2,1,4,1,5,7,1,2,5
1,25,7,2,7,7,6,2,1,2,6,2,2,6,7,2,1,2,1,1,1,1,1,1,1,1,5,21,27,25,7,7,7,7,7,7,3,7,7,7,7,7,7,7,7,7,7,7,7,7,7
1,25,7,1,4,4,1,1,4,1,4,1,7,1,5,1,7,2,1,1,1,1,1,1,1,1,5,1,1,1,4,7,4,7,1,4,7,1,4,7,1,4,4,7,4,4,7,4,7,7,7
1,25,5,3,4,4,3,4,2,4,5,3,3,5,4,3,2,6,4,5,6,4,4,7,4,6,5,45,22,52,6,4,3,4,5,3,5,6,3,4,5,5,3,5,6,4,5,3,4,5,5
1,25,7,4,2,7,6,3,3,3,4,3,7,7,7,5,4,1,1,1,7,7,8,4,4,3,2,16,0,0,4,1,7,7,1,5,5,1,2,7,7,7,7,3,6,6,7,7,7,4,7
1,25, , , , , , , , , , , , , , , , , , , , , , , , , , , , , , , , , , , , , , , , , , , , , , , , , 
1,25,6,2,5,6,6,1,3,1,1,1,3,7,2,2,2,2,2,1,3,2,6,4,5,3,4,30,7,19,4,2,5,7,1,4,6,1,3,6,5,3,7,6,4,5,5,3,6,4,7
1,25, , , , , , , , , , , , , , , , , , , , , , , , , , , , , , , , , , , , , , , , , , , , , , , , , 
2,25,2,6,3,3,2,3,4,6,7,5,5,5,6,2,5,6,4,6,6,3,4,6,6,2,4, , , ,4,4,6,3,7,5,6,6,5,2,2,7,6,5,5,4,2,6,3,6,3
2,25,5,4,1,7,3,1,1,2,1,1,1,2,1,2,1,2,2,1,9,1,1,2,1,9,5,31,17,17,7,6,7,7,1,5,7,1,6,7,4,1,7,7,5,7,7,6,7,3,6
2,25,1,1,3,7,1,1,6,1,1,1,4,2,3,2,1,1,1,1,1,1,1,1,1,1,4,4,0,0,7,7,7,7,4,1,5,7,7,5,7,7,6,7,7,5,7,7,7,7,7
2,25,5,5,3,4,4,3,3,3,1,3,2,5,3,3,1,2,2,1,7,2,5,2,2,2,4,39,19,39,4,5,6,6,2,5,5,4,5,6,5,5,7,4,5,6,6,6,7,4,6
2,25,7,4,5,7,1,1,6,1,7,1,7,2,6,2,7,2,8,8,5,1,9,1,1,1,4,10,0,5,6,1,4,7,1,7,5,1,5,7,1,6,4,1,7,7,7,3,6,7,2
2,25,6,7,2,6,3,5,5,4,4,5,3,3,3,3,5, , , , , , , , , ,4,63,51,59,6,6,5,5,5,6,6,6,6,6,5,5,5,5,6,5,5,6,5,5,7
2,25,7,6,1,7,3,5,6,6,4,5,3,4,3,3,6,2,2,2,8,7,2,6,5,6,4,71,62,52,5,7,6,5,5,6,5,5,6,6,5,4,5,6,5,4,5,5,6,4,6
2,25,6,7,2,5,2,6,7,6,5,6,2,1,2,2,5,3,5,6,6,6,5,7,5,7,5,89,79,72,6,7,6,5,6,7,6,6,7,6,5,6,7,6,6,5,6,7,6,5,6
2,25,7,6,1,6,1,7,6,7,6,7,1,2,1,2,7,7,8,8,8,9,2,9,8,9,3,52,59,53,7,6,7,6,7,6,7,7,6,7,6,7,6,7,7,6,7,6,7,6,7
2,25,6,7,2,7,2,6,7,6,6,7,2,1,2,1,6,2,2,2,9,1,2,7,8,6,3,49,44,55,5,6,5,6,7,7,6,6,7,6,7,6,7,5,5,6,6,7,6,7,6
2,25,6,3,7,7,3,2,7,4,3,4,6,4,5,4,6,1,1,1,2,2,1,4,1,1,1,40,25,40,4,1,6,5,6,6,5,4,6,6,4,5,7,5,7,7,7,5,6,7,6
2,25,4,7,3,6,7,1,5,7,4,4,6,7,4,7,5, , , , , , , , , ,1,49,23,2,7,5,7,7,1,4,5,4,6,7,5,5,7,5,5,5,7,6,5,4,7
2,25,7,5,2,7,6,4,3,4,3,3,2,5,6,4,4,2,1,2,4,2,4,5,2,3,1,15,10,18,4,5,7,6,2,6,5,3,6,6,5,6,5,3,6,7,6,7,5,2,6
2,25,5,6,5,5,6,6,5,6,3,5,5,6,5,6,5,2,2,2,7,6,6,4,5,2,2,30,40,40,3,4,7,5,2,5,5,2,3,7,4,5,6,3,4,5,3,6,6,4,4
2,25,7,6,6,7,7,6,7,1,6,6,7,6,7,4,7, , , , , , , , , ,2,19,10,11,1,4,7,2,5,4,1,1,7,2,6,7,2,6,7,2,6,7,2,1,6
2,25,7,5,5,7,5,4,5,4,1,4,7,4,6,4,4,2,3,3,9,9,9,7,6,4,2,20,5,10,5,3,7,7,5,6,5,3,5,6,4,7,7,1,6,7,7,7,7,5,6
2,25,7,7,4,7,6,7,7,7,1,1,7,7,7,7,7, , , , , , , , , ,2,20,1,1,6,6,4,6,2,4,3,1,3,6,4,6,4,2,3,3,7,2,3,2,5
2,25,5,7,7,7,7,7,6,7,1,7,2,7,7,7,5,2,1,1,1,1,1,2,1,1,2,57,17,0,4,4,7,5,7,7,3,2,6,2,5,5,2,7,6,1,6,6,1,7,7
2,25,7,4,7,7,7,1,7,7,7,4,7,7,7,7,5,2,1,1,4,1,1,1,1,1,2,17,10,1,7,7,7,7,1,4,7,4,7,7,4,7,7,7,7,7,7,7,7,7,1
2,25,7,5,2,4,5,4,4,4,1,4,3,4,2,4,4, , , , , , , , , ,3,10,1,2, , , , , , , , , , , , , , , , , , , , , 
2,25,7,5,1,5,4,5,4,5,2,4,4,4,3,4,4,2,3,8,9,9,8,7,8,1,3,50,16,62,1,4,7,7,1,4,4,2,5,7,7,5,6,1,5,6,7,7,6,1,5
2,25,7,7,7,7,1,4,7,4,3,3,1,5,7,5,2,2,1,1,1,1,1,1,1,1,3,29,0,30,1,1,7,1,1,5,1,7,7,1,7,7,1,7,7,1,7,7,1,7,7
2,25,6,5,4,5,3,4,5,4,5,4,5,4,6,4,6,2,1,1,7,2,4,5,5,4,3,46,4,30,4,2,6,6,2,5,4,2,5,6,6,6,4,4,5,6,6,6,5,4,4
2,25,7,1,6,7,4,1,4,1,2,1,7,7,6,3,3,2,6,6,1,1,1,1,1,1,3,29,10,22,3,6,7,5,2,6,5,5,7,6,7,7,4,7,6,5,7,6,5,6,7
2,25,5,4,4,4,4,4,4,4,4,4,4,4,4,4,4,2,2,2,8,7,7,5,5,5,4,19,20,21,6,4,3,5,1,3,4,2,2,3,3,3,4,4,6,3,4,4,4,4,4
2,25,6,6,3,6,1,1,5,1,5,4,3,2,4,2,5,2,8,6,7,8,8,6,6,5,4,35,15,12,5,3,7,5,2,4,4,3,4,6,4,4,6,6,5,5,5,7,5,4,6
2,25,5,5,3,5,6,3,2,4,1,2,2,5,3,5,4,4,6,6,9,7,8,5,4,2,4,9,0,0,3,2,5,6,1,6,5,1,5,5,4,4,3,2,7,6,7,5,5,1,5
2,25,1,2,2,4,3,2,2,2,1,1,2,4,3,3,1,6,2,5,8,8,8,7,4,5,4,30,25,30,1,1,2,2,1,2,1,1,2,2,1,3,1,1,2,2,2,2,2,1,2
2,25,7,1,6,6,1,1,7,1,1,1,2,3,2,2,1,2,2,5,1,1,6,1,1,1,4,10,0,1,7,4,5,7,6,5,4,5,2,6,2,3,7,7,4,1,7,1,7,7,7
2,25,7,3,2,6,6,2,4,2,4,2,4,3,5,3,4,2,3,7,9,7,8,3,5,3,4,52,64,81,3,5,7,6,1,4,4,4,4,6,7,6,5,1,5,6,7,7,7,2,6
2,25,5,3,1,2,4,2,1,1,2,2,3,3,5,2,2,1,1,1,5,1,1,7,5,1,4,40, ,29,5,4,6,6,3,7,7,2,5,6,2,7,7,5,6,5,6,7,7,3,7
2,25,5,5,2,3,5,4,3,3,5,2,4,5,2,2,2,2,1,1,9,8,5,6,3,4,4,20,10,17,1,1,6,4,1,5,1,1,2,2,1,3,1,1,2,2,4,3,2,3,4
2,25,7,1,6,7,1,1,1,1,1,1,1,1,5,1,1,2,2,4,5,5,6,2,2,1,5,20,5,14,1,2,7,3,2,7,1,1,7,1,2,5,1,5,7,1,6,5,5,7,7
2,25,7,2,5,6,3,2,3,2,5,3,6,4,5,6,4,1,1,1,1,2,9,1,2,1,4,11,7,5,6,4,6,6,5,6,7,2,6,7,3,6,5,6,6,5,7,3,6,6,5
2,25,4,4,4,4,4,4,4,4,4,4,3,4,4,4,3,5,5,5,5,5,5,5,5,5,4,51,51,51,7,6,7,7,1,3,5,4,4,4,4,4,4,4,4,4,4,4,4,4,4
2,25, , , , , , , , , , , , , , , , , , , , , , , , , , , , , , , , , , , , , , , , , , , , , , , , , 
2,25,3,2,6,2,6,2,2,2,2,2,6,6,6,6,2,3,3,3,3,3,7,3,3,3,4,0,0,0,3,1,2,7,1,2,3,1,2,5,2,3,5,2,5,2,7,7,5,1,1
2,25, , , , , , , , , , , , , , , , , , , , , , , , , , , , , , , , , , , , , , , , , , , , , , , , , 
2,25, , , , , , , , , , , , , , , , , , , , , , , , , , , , , , , , , , , , , , , , , , , , , , , , , 
2,25, , , , , , , , , , , , , , , , , , , , , , , , , , , , , , , , , , , , , , , , , , , , , , , , , 
2,25,4,3,7,5,5,2,3,3,2,2,5,5,6,5,4,1,1,1,5,3,2,5,4,3,3,20,0,0,3,6,5,5,2,3,2,3,5,5,5,6,5,6,6,3,7,6,4,6,5
2,25, , , , , , , , , , , , , , , , , , , , , , , , , , , , , , , , , , , , , , , , , , , , , , , , , 
2,25,7,1,6,7,2,1,5,1,6,1,7,3,7,2,3,2,1,1,1,1,1,1,1,1,4,75,4,6,5,7,7,5,4,7,6,5,7,4,7,7,5,7,7,3,7,7,4,4,7
3,25,5,2,2,3,3,2,1,1,5,1,5,5,6,3,1,2,4,4,9,9,9,9,9,9,2,10,50,10,1,1,5,4,1,5,1,1,2,5,1,1,1,1,5,6,1,5,1,1,6
1,24,1,1,4,6,1,2,1,1,1,1,2,2,2,2,2,3,2,1,9,3,1,5,7,7,4, , , ,3,2,5,7,2,2,3,2,2,6,5,6,7,2,6,6,6,5,6,6,6
1,24, , , , , , , , , , , , , , , , , , , , , , , , , , , , , , , , , , , , , , , , , , , , , , , , , 
1,24,6,4,4,6,5,2,4,4,3,4,6,4,5,4,4,1,1,1,9,7,7,7,7,3,3,25,25,25,2,4,5,6,4,4,2,4,5,6,4,5,4,4,4,4,4,2,4,4,4
1,24,4,5,2,5,3,6,5,6,5,4,3,3,2,4,5,6,7,6,6,7,3,6,7,6,3,38,43,39,5,5,6,5,6,5,6,4,5,6,5,6,5,6,4,5,4,5,4,4,5
1,24,5,6,4,5,3,7,6,4,5,6,2,3,3,2,5,5,7,8,8,6,3,6,3,6,4,34,62,72,5,4,6,7,5,7,5,6,5,3,6,5,4,5,5,4,3,6,4,6,4
1,24,6,5,3,6,6,4,3,4,4,3,3,4,3,4,5,7,6,7,8,7,4,6,7,6,4,76,86,88,6,5,6,5,4,5,6,6,5,6,6,4,5,6,6,5,6,5,6,5,4
1,24,7,5,1,6,2,7,6,5,6,7,1,2,1,3,6,7,5,6,8,7,2,6,7,8,5,88,89,75,7,5,6,7,6,7,5,7,5,7,6,7,5,7,7,6,7,5,7,6,7
1,24, , , , , , , , , , , , , , , , , , , , , , , , , , , , , , , , , , , , , , , , , , , , , , , , , 
1,24,6,5,4,7,3,7,1,3,7,4,1,3,4,6,1,3,2,5,5,7,7,6,5,2,5,72,30,42,2,2,7,4,3,5,4,3,7,4,2,6,4,2,7,5,7,7,3,3,2
1,24,5,6,2,6,1,5,7,6,6,7,2,3,1,2,6,2,4,2,8,8,2,9,8,9,5,85,88,61,4,5,5,6,5,5,6,5,6,5,5,5,4,5,4,5,6,5,5,4,5
1,24,6,6,4,6,3,1,1,5,5,4,3,3,4,2,6,3,2,5,5,7,7,7,6,7,4,30,40,50,5,6,7,3,3,7,3,3,7,2,3,6,2,5,7,6,7,7,6,2,6
1,24,1,5,1,3,4,3,3,3,2,4,4,3,4,3,3,2,2,2,3,4,2,3,6,7,4,27,30,34,6,5,5,5,4,6,4,3,3,4,4,5,4,2,6,5,3,5,4,4,5
1,24,6,7,2,7,2,7,6,6,7,6,1,2,1,2,7,6,7,6,7,8,2,7,8,8,3,80,73,80,6,7,6,7,6,6,7,7,6,7,6,7,6,7,5,6,7,5,6,7,6
1,24,2,3,4,3,3,4,5,4,6,4,5,3,4,3,4,6,8,6,7,5,3,7,6,6,4,23,48,43,3,5,5,3,5,4,6,4,6,5,3,5,4,5,4,4,6,4,5,4,5
1,24,6,7,2,7,2,6,7,6,7,6,2,1,2,1,6,8,8,7,8,8,1,8,9,8,3,76,80,80,6, ,6,5,6,7,6,6,7,6,6,7,6,7,6,7,6,7,6,7,6
1,24,2,6,2,5,2,2,2,4,2,2,6,6,5,2,2,2,2,2,4,7,8,7,4,6,4,31,23,21,4,3,2,3,5,3,5,2,2,2,2,4,2,3,6,6,4,3,5,5,5
1,24,5,6,3,6,2,5,5,6,5,6,3,2,3,2,5,2,3,4,3,4,7,3,6,5,4,18,24,31,6,7,6,7,6,7,6,6,7,6,7,6,7,6,6,7,6,7,6,7,6
1,24,7,6,1,5,1,7,6,7,5,7,1,2,1,2,7,5,4,3,9,4,5,5,7,6,5,89,82,95,6,6,5,6,7,6,5,6,7,5,6,6,7,6,6,5,6,5,7,6,6
1,24,7,2,7,7,2,3,6,2,7,1,7,3,5,1,1,1,1,1,1,1,1,4,6,6,2,30,0,20,7,3,7,7,1,6,1,1,7,7,1,6,2,1,7,7,1,5,7,4,4
1,24, , , , , , , , , , , , , , , , , , , , , , , , , , , , , , , , , , , , , , , , , , , , , , , , , 
1,24,5,5,6,7,4,5,2,5,3,5,3,3,6,5,4,7,1,3,9,9,9,2,1,3,3,20,20,35,4,6,7,3,6,6,2,3,5,3,4,5,2,4,5,2,6,5,2,5,6
1,24,5,2,5,3,3,2,3,3,5,2,3,5,3,5,5,1,3,7,9,9,6,6,1,1,3,8,3,3,3,4,7,4,1,3,5,2,2,5,3,7,5,2,3,3,6,6,6,2,2
1,24,5,7,3,3,7,5,7,5,1,5,3,2,7,3,7,2,1,1,3,1,9,4,6,7,3,73,50,67,1,1,6,5,1,4,5,1,7,5,7,3,7,1,2,3,7,2,7,1,7
1,24,7,1,5,7,5,1,7,1,7,1,6,7,3,4,2,7,6,8,9,9,9,3,5,2,5,15,10,10,6,1,7,7,1,2,5,1,1,7,1,2,7,1,2,4,4,5,6,1,2
1,24,5,1,2,6,1,1,4,1,1,1,7,1,2,1,1,2,3,3,9,9,9,1,1,1,5,9,1,1,3,2,6,6,1,3,4,1,4,5,4,4,4,4,4,3,6,5,4,4,4
1,24,6,6,2,5,2,6,6,5,7,6,2,2,3,2,6,6,7,7,7,8,2,7,8,7,4,40,44,47,6,6,5,6,6,6,5,6,6,5,6,5,6,6,6,5,6,5,6,6,6
1,24,6,5,2,5,2,7,6,5,5,5,2,3,3,3,6,8,7,8,8,7,3,8,8,7,3,72,75,79,6,6,5,6,6,6,5,6,5,5,6,6,5,6,6,6,5,6,6,5,5
1,24,7,4,3,3,5,4,2,3,6,4,6,4,6,4,3,7,4,9,9,9,9,5,5,7,4,50,0,15,6,4,7,5,4,5,2,1,3,6,1,7,4,1,4,3,1,5,4,3,5
1,24, , , , , , , , , , , , , , , , , , , , , , , , , , , , , , , , , , , , , , , , , , , , , , , , , 
2,24,7,1,7,7,4,1,7,1,7,1,7,1,1,1,7,2,2,2,1,1,1,1,1,1,2,70,10,30,4,7,7,7,1,4,4,1,7,7,7,7,7,1,4,7,7,7,7,7,7
2,24,6,5,1,6,4,6,4,5,6,6,2,4,2,3,7,7,5,7,7,5,3,6,4,6,4,58,66,74,5,6,7,6,4,5,5,6,5,4,4,6,5,6,6,4,6,5,6,5,6
2,24,3,6,2,6,6,2,6,6,7,4,3,2,3,1,7,3,1,3,1,8,8,9,4,8,5,79,51,72,4,7,7,7,1,7,6,1,7,6,2,5,1,6,5,2,7,5,6,1,4
2,24,7,6,3,6,4,1,1,5,6,3,2,3,7,3,1,3,2,2,8,6,6,7,5,6,5,31,19,17,5,6,7,4,7,7,4,2,6,6,6,6,3,4,6,5,6,7,4,3,6
2,24,5,4,2,4,4,4,7,6,6,5,3,4,3,3,6,2,2,2,3,4,6,5,4,5,4,9,13,15,5,3,5,3,3,4,7,3,4,3,4,4,3,4,4,3,3,5,3,2,3
2,24,5,6,3,6,3,5,6,5,6,5,3,2,3,2,5,2,2,2,8,3,2,5,7,6,4,31,47,34,6,5,6,5,6,5,6,6,5,6,5,6,5,6,6,5,6,5,6,5,6
2,24,7,6,1,6,1,7,6,7,6,7,1,2,1,2,7,3,2,3,9,8,1,8,7,8,5,52,50,44,6,7,6,7,6,7,6,6,7,6,7,6,7,6,6,7,6,7,6,7,6
2,24, , , , , , , , , , , , , , , , , , , , , , , , , , , , , , , , , , , , , , , , , , , , , , , , , 
2,24,3,4,4,5,3,5,4,5,4,5,4,3,4,4,4,2,2,2,3,4,5,5,5,5,4,32,25,25,4,5,4,4,5,4,5,4,5,4,5,4,5,4,5,4,5,4,5,4,5
2,24,7,6,1,2,6,6,5,6,5,6,2,3,2,3,6,2,3,2,1,2,9,1,2,1,4,46,32,39,6,7,6,7,6,7,6,6,7,6,7,6,7,6,6,7,6,7,6,7,6
2,24, , , , , , , , , , , , , , , , , , , , , , , , , , , , , , , , , , , , , , , , , , , , , , , , , 
2,24,5,6,2,6,2,5,6,6,5,6,3,2,3,2,7,3,4,2,7,3,3,6,4,4,3,55,59,66,5,6,5,6,6,6,7,6,6,7,6,6,6,7,6,7,6,5,6,7,5
2,24,5,3,4,6,3,5,3,5,6,5,3,6,4,3,6,7,5,7,6,5,3,7,4,5,4,73,38,60,6,6,5,5,6,6,5,5,6,6,3,5,4,5,6,5,4,3,5,6,6
2,24,6,3,7,6,4,2,7,4,2,4,4,4,5,4,5,1,1,1,2,1,1,7,1,1,1,30,5,20,7,1,6,7,6,4,6,4,7,6,4,6,7,7,7,4,7,3,6,6,6
2,24,7,4,3,3,5,3,5,3,1,3,7,5,6,6,1,2,8,8,9,9,9,2,2,2,2,20,6,14,3,6,7,3,2,4,3,1,3,3,2,4,4,1,3,3,5,4,4,1,4
2,24,6,6,2,4,6,6,5,6,1,5,7,6,5,5,4,2,2,1,3,3,1,1,1,1,2,73,45,1,2,3,5,5,2,5,4,1,5,6,6,4,4,6,6,4,7,4,4,2,3
2,24,5,5,3,5,3,5,3,5,4,5,3,4,3,3,4, , , , , , , , , ,2,6,3,1,4,5,4,5,6,5,5,5,4,5,5,4,3,5,5,3,5,4,5,6,5
2,24,7,4,5,7,7,7,1,6,1,6,1,7,1,3,3,2,2,1,9,9,7,4,5,4,2,22,0,0,1,5,7,4,3,1,6,1,5,7,4,7,7,1,6,7,4,2,1,2,7
2,24,6,7,7,7,7,7,7,7,2,7,6,7,7,7,4,2,4,4,7,3,6,2,2,3,3,15,1,2,4,6,7,4,4,4,6,4,4,5,3,7,4,4,7,4,5,7,4,5,7
2,24,7,2,7,4,3,2,5,3,5,2,6,6,7,4,4,2,7,6,5,4,4,3,1,3,3,30,7,12,4,2,3,5,2,5,1,4,4,3,4,4,4,5,6,6,5,5,5,4,3
2,24,7,1,5,1,4,4,1,1,1,1,1,3,3,3,1,6,9,9,7,7,8,6,6,6,3,5,2,1,1,1,7,7,1,3,1,1,7,7,1,7,5,1,7,7,7,7,4,1,7
2,24,2,5,5,4,4,2,3,5,6,3,5,6,5,5,5,5,4,3,4,3,4,7,5,5,3,50,28,95,2,4,2,5,4,5,3,3,4,2,4,5,3,4,5,3,3,2,5,4,5
2,24,3,3,2,5,3,3,2,5,3,6,3,3,2,2,2,2,1,1,3,2,6,3,3,2,3,7,1,2,3,2,5,5,6,3,5,3,6,5,3,3,2,3,3,2,5,6,3,5,5
2,24,7,7,3,6,6,6,6,6,4,6,7,6,7,6,7,3,6,8,8,6,7,7,6,2,3,60,0,40,4,5,6,6,2,4,4,2,4,6,5,6,6,2,5,4,7,6,6,3,7
2,24,7,4,4,5,2,2,2,1,2,1,6,3,3,3,3,2,6,7,9,9,7,6,2,5,3,30,10,25,2,4,5,6,1,4,4,2,5,6,4,6,7,2,6,6,7,5,4,3,7
2,24,6,4,3,6,4,2,5,4,3,3,6,4,5,4,5,3,2,1,3,2,3,2,3,2,3,1,0,0,3,4,7,6,2,5,4,3,5,6,5,6,5,4,6,4,6,7,4,6,7
2,24,7,7,3,7,7,7,7,7,7,7,4,7,7,7,5,2,2,4,8,8,9,6,5,5,3,50,71,40,4,4,6,7,4,6,6,2,4,6,6,7,6,2,5,5,7,7,6,4,6
2,24,4,4,4,4,4,4,4,4,4,3,4,5,4,4,4,2,2,2,4,4,6,5,4,4,4,3,3,3,4,4,3,3,4,4,3,4,4,4,4,4,4,3,4,4,4,4,4,4,4
2,24,7,1,2,7,3,1,6,1,5,1,7,2,7,2,7,2,2,2,1,1,1,7,4,1,4,34,7,32,7,7,7,7,2,2,7,5,7,7,6,7,7,7,7,7,5,7,7,4,4
2,24, , , , , , , , , , , , , , , ,2,2,2,5,5,6,4,3,2,4,39,8,16,4,6,7,7,2,4,5,5,3,5,4,6,7,2,3,5,7,5,5,5,6
2,24,7,5,3,7,7,7,4,5,1,5,7,7,7,6,4,1,2,4,9,7,9,6,4,2,5,82,10,50,1,5,5,6,2,4,7,1,5,6,1,5,3,4,6,5,7,4,7,1,5
2,24,2,6,3,6,7,5,2,6,3,6,5,7,5,2,2,2,1,1,8,2,4,2,2,2,3,20,4,11,2,4,5,3,2,4,2,2,4,5,2,5,4,2,4,5,6,7,5,4,6
2,24,6,4,7,5,3,5,6,5,7,4,6,7,7,4,5,2,1,1,9,1,1,2,2,1,4,15,7,14,4,4,7,5,3,5,7,4,6,5,3,7,3,5,7,5,7,7,5,4,5
2,24,7,2,3,7,1,1,6,1,7,1,6,5,7,1,4,2,3,3,9,3,5,1,1,1,4,0,0,0,3,7,7,5,1,3,2,4,7,6,3,6,7,4,7,4,3,3,1,2,7
2,24, , , , , , , , , , , , , , , , , , , , , , , , , , , , , , , , , , , , , , , , , , , , , , , , , 
2,24, , , , , , , , , , , , , , , , , , , , , , , , , , , , , , , , , , , , , , , , , , , , , , , , , 
2,24, , , , , , , , , , , , , , , , , , , , , , , , , , , , , , , , , , , , , , , , , , , , , , , , , 
2,24, , , , , , , , , , , , , , , , , , , , , , , , , , , , , , , , , , , , , , , , , , , , , , , , , 
2,24, , , , , , , , , , , , , , , , , , , , , , , , , , , , , , , , , , , , , , , , , , , , , , , , , 
3,24,1,1,7, , , , , , , , , , , , , , , , , , , , , , , , , , , , , , , , , , , , , , , , , , , , , , 
1,23,1,4,7,1,7,1,1,1,1,1,1,6,5,7,1,2,2,2,6,7,9,7,5,6,4, , , ,4,3,5,5,2,2,5,1,1,5,6,4,4,1,6,1,1,5,2,1,6
1,23, , , , , , , , , , , , , , , , , , , , , , , , , , , , , , , , , , , , , , , , , , , , , , , , , 
1,23,5,4,4,5,5,3,3,3,5,4,4,5,5,5,4,1,1,1,6,5,5,3,3,1,2,10,25,15,3,1,2,4,1,2,3,1,3,3,5,4,5,2,3,2,5,4,4,2,2
1,23,4,4,7,6,3,4,6,3,3,6,2,3,1,1,4,9,5,8,1,6,9,5,5,4,1,48,44,48,3,1,5,4,1,6,4,1,5,5,3,2,7,2,7,3,3,5,6,6,1
1,23,6,4,2,5,6,4,5,5,3,4,3,6,5,4,4,1,1,1,1,2,3,5,6,6,2,49,25,63,5,3,5,5,4,6,5,3,5,6,2,5,6,5,5,5,5,6,6,6,4
1,23,4,5,2,4,4,2,1,3,3,6,6,5,2,6,2,1,1,1,1,2,1,7,2,4,3,26,18,47,3,6,7,6,6,5,4,3,1,6,5,5,5,3,7,5,5,1,5,5,2
1,23,7,1,5,7,1,2,6,3,7,5,7,3,6,2,3,1,1,1,1,3,1,4,6,9,3,60,30,40,7,7,3,7,1,6,7,1,7,3,1,7,1,4,4,7,1,7,7,5,5
1,23,4,5,4,5,3,5,4,5,5,4,4,3,4,3,5,6,6,6,6,5,3,6,5,5,4,39,34,43,5,5,6,5,5,6,5,5,6,5,5,6,5,5,5,5,6,5,5,6,5
1,23,7,6,3,6,1,7,6,6,6,5,1,2,3,2,7,8,7,7,9,8,3,9,8,7,4,74,81,74,7,6,5,6,7,6,6,7,7,6,5,6,7,6,7,6,7,6,7,6,7
1,23,3,3,2,5,4,5,2,4,3,4,3,3,4,3,2,2,2,2,8,8,7,7,5,5,3,10,1,1,3,2,4,5,3,3,5,3,5,4,3,4,3,2,5,4,5,4,4,3,4
1,23,7,1,3,2,3,2,6,2,6,2,6,6,5,2,4, , , , , , , , , ,4,30,20,10,2,7,3,7,3,2,6,2,2,3,6,3,2,6,2,3,6,2,6,6,7
1,23,7,1,2,7,2,1,5,2,7,1,1,2,2,1,2,1,1,1,1,1,1,6,5,5,5,35, ,40,6,1,6,7,1,6,2,3,6,7,1,3,7,6,7,2,6,1,7,1,6
1,23,4,5,3,6,2,6,7,6,7,5,3,2,3,2,7,2,2,3,7,3,8,3,4,4,3,38,43,45,4,5,6,6,6,6,7,5,6,6,7,6,7,6,6,7,6,7,6,7,6
1,23,6,6,5,6,2,5,6,6,7,4,5,5,4,3,5,2,2,2,2,3,5,6,5,7,5,59,65,87,1,5,6,5,7,6,3,6,1,3,4,6,6,6,5,6,6,6,6,7,3
1,23,5,3,7,4,4,1,2,1,7,4,3,4,3,3,2,2,3,2,2,4,3,7,5,4,3,25, ,14,5,5,7,6,1,4,7,1,3,4,2,6,6,4,5,5,4,5,5,2,4
1,23,7,5,6,7,3,5,7,5,7,5,6,6,7,6,5,1,3,3,8,8,8,8,8,8,3,15,3,2,2,3,6,4,3,5,5,2,5,6,3,4,6,2,5,3,4,2,5,2,6
1,23,7,6,3,4,5,2,1,2,3,4,3,2,1,2,5,1,1,1,1,1,1,1,1,1,4,0,0,0,7,7,7,7,7,6,6,7,7,7,7,7,7,7,7,7,7,7,7,7,6
1,23,5,4,3,7,6,2,2,2,4,2,6,5,2,3,2,1,1,1,1,1,1,1,1,1,5,10,0,0,7,7,7,7,7,6,7,7,6,7,7,7,7,7,7,7,7,6,7,7,6
1,23,4,3,3,4,5,2,2,2,3,2,6,6,4,6,2,1,1,1,1,1,1,1,1,1,4,10,0,0,7,7,7,7,6,4,6,7,4,7,7,6,7,7,5,7,7,5,7,7,3
1,23,5,4,5,5,6,5,3,6,4,5,2,5,3,3,3,3,5,4,8,7,7,8,8,7,4,11,4,2,7,6,7,6,5,6,5,5,6,5,6,4,6,4,6,5,4,6,6,5,7
1,23,6,4,3,6,3,4,4,4,4,3,3,3,5,3,4,8,6,7,7,5,3,6,3,7,3,64,42,53,6,4,5,3,4,5,4,4,6,5,4,4,6,6,5,4,5,6,5,5,5
1,23,5,5,6,3,6,5,6,5,2,4,5,5,6,5,4,1,1,1,5,5,5,2,2,2,3,61,33,45,5,2,5,5,2,4,6,2,5,4,2,5,4,4,5,5,2,4,5,5,3
1,23,2,5,4,6,5,2,4,3,6,2,6,2,5,4,5,2,8,5,3,7,5,3,7,4,3,29,65,44,2,3,6,4,4,2,6,2,5,3,4,7,4,2,2,5,4,6,3,5,4
1,23,5,3,3,3,5,3,5,3,4,5,5,3,2,2,2,2,1,1,1,1,2,2,7,5,4,23,33,27,7,2,5,7,6,2,3,2,3,7,2,7,3,6,3,5,6,7,3,7,7
1,23,3,2,4,4,5,3,4,4,2,5,4,5,5,4,3,2,1,1,3,3,7,4,3,6,4,39,35,33,2,2,2,2,3,3,2,2,3,3,2,4,3,3,3,2,2,3,1,2,2
1,23,4,3,3,5,4,5,4,5,5,6,3,4,5,4,5,4,6,8,7,5,4,6,7,5,5,61,43,53,4,5,3,5,6,6,4,4,5,5,4,3,3,5,5,4,3,5,5,4,4
1,23,6,4,3,5,3,4,6,5,4,4,5,3,3,4,5,7,6,6,6,6,5,4,7,6,5,58,43,41,6,4,5,6,4,5,4,5,4,5,4,4,5,5,6,4,4,5,5,4,5
1,23,5,2,2,7,2,3,2,2,7,1,2,2,5,2,2,4,3,5,8,8,8,5,4,7,4,33,9,13,3,5,7,6,2,5,6,4,3,5,4,6,5,1,3,3,6,7,6,2,3
2,23,6,4,4,6,5,4,4,4,5,2,3,5,4,4,3,2,8,8,9,9,9,2,2,1,2,33,19,31,6,5,6,7,2,5,7,1,3,5,2,5,7,1,5,7,7,7,6,2,6
2,23,7,4,1,1,7,1,1,7,1,5,1,7,5,7,1,1,1,1,9,9,9,8,8,8,3,0,0,0,1,3,3,7,1,3,1,1,3,7,2,5,7,1,3,7,7,7,3,1,7
2,23,7,4,3,7,5,3,2,5,5,2,2,6,5,3,1,1,1,1,7,2,3,2,1,1,3,45,32,55,6,6,6,6,2,3,4,3,4,5,6,3,5,5,7,1,7,6,4,5,3
2,23,5,4,5,3,4,6,5,4,3,3,2,3,4,4,4,6,6,8,7,5,3,7,5,3,5,65,67,50,6,5,4,5,5,6,5,6,5,5,5,4,5,6,6,6,4,5,5,4,5
2,23,5,6,2,6,3,5,6,6,6,5,3,3,2,3,6,7,8,7,7,8,3,8,7,7,3,66,55,70,5,3,2,3,5,6,3,3,4,3,4,4,4,3,6,5,6,7,6,7,6
2,23,6,7,2,6,4,7,6,7,6,7,2,1,2,1,6,3,4,3,6,5,3,5,7,6,3,54,42,52,6,7,6,7,6,7,6,6,7,6,7,6,7,6,7,6,7,6,7,6,7
2,23,5,6,3,5,2,5,6,5,5,5,3,2,4,3,6,2,2,3,8,3,4,7,6,4,3,53,52,61,5,5,5,6,6,5,6,5,5,5,4,5,4,5,5,6,5,4,5,5,5
2,23,3,3,2,2,3,2,1,2,1,2,2,2,1,2,2,2,2,1,2,1,3,3,2,2,4,12,1,61,2,3,6,7,1,5,6,1,3,6,5,5,6,4,4,4,6,4,5,1,6
2,23,7,4,1,7,5,1,2,2,1,2,5,3,6,4,4, , , , , , , , , ,2,20,5,20,3,3,3,4,2,2,2,2,2,6,4,3,4,2,2,6,7,4,5,2,3
2,23,7,6,1,6,7,5,1,5,2,5,4,7,6,7,2,2,5,7,8,8,8,4,3,1,3,24,9,14,6,2,7,7,1,6,3,1,6,6,5,7,4,3,7,6,7,7,5,1,6
2,23,7,7,7,7,6,2,6,6,6,3,4,6,7,5,6, , , , , , , , , ,3,20,9,10,6,3,7,6,5,5,6,1,6,5,6,7,5,5,7,5,7,7,6,6,5
2,23,7,3,2,1,4,1,7,4,1,3,3,4,6,5,4,1,2,4,9,1,1,9,5,5,3,53,25,11,7,5,7,7,1,4,7,1,4,7,5,7,7,1,5,7,7,5,7,1,7
2,23,4,3,3,2,5,3,2,3,1,2,2,5,2,4,2,2,1,1,8,6,6,3,1,1,4,20,0,17,3,3,5,6,1,2,3,2,1,4,3,4,4,2,2,2,7,5,4,2,2
2,23,5,3,3,5,4,3,4,3,5,3,3,5,4,5,4,1,1,1,3,1,1,4,3,2,4,51,20,50,7,5,7,7,3,5,7,3,5,4,5,5,7,7,5,7,6,7,7,7,7
2,23,6,2,2,6,6,2,3,2,2,2,5,2,3,2,2,6,3,3,9,9,5,5,5,6,4,23,7,8,6,2,6,6,1,2,6,3,5,6,6,6,7,1,5,7,7,5,6,1,5
2,23,7,1,7,7,4,1,1,1,7,1,6,3,4,1,5,2,2,4,8,6,9,1,1,1,4,16,31,0,6,7,7,7,1,1,5,4,6,5,6,6,7,7,7,3,5,4,5,1,6
2,23,7,5,4,5,6,4,6,6,7,5,7,4,7,4,5,2,2,1,6,2,2,1,1,1,4,40,20,32,7,4,7,7,2,3,6,2,7,5,3,6,6,3,6,6,7,7,5,3,6
2,23,1,6,1,3,7,1,1,2,1,2,1,6,2,5,1,2,1,1,9,1,1,3,1,1,4,20,5,1,3,5,6,4,3,5,5,3,5,4,5,5,4,3,6,4,6,6,4,3,5
2,23,7,2,3,5,2,1,6,1,4,1,6,2,6,3,5,2,3,2,5,2,1,8,5,4,4,70,10,2,2,3,5,3,1,2,2,3,5,4,4,5,3,1,6,3,4,6,3,2,3
2,23,5,4,5,4,3,1,1,3,1,1,3,4,3,3,7,4,2,7,8,7,9,6,3,2,4,33,8,20,4,5,5,6,2,7,4,1,4,7,5,5,7,1,7,7,4,7,7,6,6
2,23,6,2,4,7,3,2,4,1,1,1,6,2,5,2,4,2,2,3,8,2,6,2,1,1,4,80,86,40,6,4,6,7,1,7,6,1,4,7,4,6,7,4,7,7,7,6,7,4,7
2,23, , , , , , , , , , , , , , , , , , , , , , , , , , , , , , , , , , , , , , , , , , , , , , , , , 
2,23, , , , , , , , , , , , , , , , , , , , , , , , , , , , , , , , , , , , , , , , , , , , , , , , , 
2,23,5,4,6,6,3,1,3,1,2,1,7,4,3,1,2,3,1,2,5,4,4,2,1,1,5,25,0,0,4,1,7,7,1,4,3,7,6,5,7,4,6,1,5,3,7,6,4,1,3
2,23,7,6,2,7,7,5,4,5,1,5,5,7,6,6,2,2,2,2,9,9,9,7,5,9,2,31,58,0,3,4,6,7,1,3,3,1,5,6,2,7,5,1,6,7,7,7,7,7,7
2,23, , , , , , , , , , , , , , , , , , , , , , , , , , , , , , , , , , , , , , , , , , , , , , , , , 
2,23,4,5,2,2,4,4,5,5,4,3,4,6,5,5,1,2,3,4,9,9,9,7,7,6,3,52,78,39,3,1,4,7,1,3,2,1,3,3,1,4,3,2,4,3,7,2,3,1,4
2,23, , , , , , , , , , , , , , , , , , , , , , , , , , , , , , , , , , , , , , , , , , , , , , , , , 
1,22,7,4,2,7,2,2,4,3,6,3,2,3,6,3,3,3,2,2,7,7,8,5,6,4,4, , , ,5,3,6,6,2,4,5,1,5,4,3,6,6,3,6,3,6,4,4,4,5
1,22,7,5,3,2,5,2,5,3,5,3,6,5,5,5,6,2,2,3,7,6,7,8,3,4,4,7,7,5,2,6,7,2,3,5,2,4,3,2,4,5,2,4,5,2,7,4,2,3,6
1,22, , , , , , , , , , , , , , , , , , , , , , , , , , , , , , , , , , , , , , , , , , , , , , , , , 
1,22,2,2,5,3,6,2,2,3,3,4,6,5,4,6,3,3,2,3,1,1,7,3,3,4,3,50,60,45,2,5,3,4,3,4,2,6,5,4,5,4,5,5,4,4,4,3,3,5,4
1,22,6,2,3,6,1,2,3,1,4,1,3,1,3,1,2,1,1,1,5,6,6,6,7,4,4,62,50,69,5,7,6,4,3,6,4,3,5,5,3,6,4,4,6,4,5,6,4,3,6
1,22,7,5,5,4,4,5,3,5,3,3,1,4,3,2,2,2,2,1,8,7,8,7,5,9,3,2, ,2,5,4,7,6,3,7,7,3,5,6,2,6,6,2,7,4,4,6,3,6,6
1,22,5,7,1,5,2,2,4,2,4,2,3,6,6,2,2,2,2,1,5,2,8,3,3,6,3,19,8,29,4,2,5,5,1,5,3,1,4,6,4,5,5,4,3,3,6,2,5,2,2
1,22, , , , , , , , , , , , , , , , , , , , , , , , , , , , , , , , , , , , , , , , , , , , , , , , , 
1,22,6,6,5,6,6,2,6,4,6,2,6,6,7,5,5,1,1,5,7,7,7,7,8,8,3,10,2,6,2,4,6,6,4,5,6,4,5,7,5,6,5,5,5,3,5,2,5,5,6
1,22,6,2,2,4,2,1,3,2,3,1,4,3,2,3,3,3,1,1,9,8,8,6,5,6,4,15,1,5,4,2,5,6,2,5,3,1,2,6,3,7,6,2,3,5,5,4,4,3,5
1,22,7,7,7,7,7,7,7,7,7,4,3,4,4,4,4,2,2,2,9,9,9,9,8,8,2,81,50,39,1,1,7,4,7,7,4,1,7,7,3,6,2,2,4,4,7,4,1,1,7
2,22,6,5,6,6,2,6,5,5,1,6,2,6,2,6,7,2,2,2,8,1,1,4,5,5,3, , , ,5,6,6,6,1,6,6,1,5,6,6,7,6,1,6,6,7,6,6,2,6
2,22,5,2,6,6,2,2,2,1,1,2,2,2,2,2,1,1,1,1,9,8,7,7,3,4,4,10,5,10,3,5,7,7,2,3,4,5,4,6,6,5,7,2,6,7,7,5,5,2,4
2,22,7,2,2,7,3,2,5,2,7,1,6,2,3,1,1,1,1,1,2,1,1,2,2,1,5,20,40,5,5,7,7,6,7,6,4,7,5,6,2,6,1,7,7,4,6,6,2,7,7
2,22,7,7,1,4,7,7,7,7,2,7,7,7,6,6,2,2,1,1,1,1,1,3,2,1,1,20,5,60,7,5,5,7,2,1,7,1,3,5,4,5,7,7,5,7,7,5,7,5,3
2,22,5,7,5,3,7,5,3,7,2,7,3,7,7,7,4,2,4,7,9,9,6,2,1,1,1,66,42,20,2,3,6,4,4,5,4,1,2,4,3,5,6,2,6,5,7,6,6,1,2
2,22,7,6,1,1,3,1,6,2,1,1,6,7,7,2,1,2,5,6,9,7,7,9,9,8,2,100,76,82,6,6,7,5,5,7,4,2,4,7,7,7,7,5,6,4,6,7,7,5,7
2,22,7,3,6,5,5,6,6,2,7,3,4,2,4,6,3,2,4,7,9,9,9,6,6,5,3,14,0,1,6,3,3,5,1,5,3,5,4,2,7,3,4,4,1,6,1,2,3,1,1
2,22,7,4,1,6,4,2,2,5,1,2,3,4,2,2,4,2,1,2,9,9,8,9,6,6,3,50,50,50,2,5,7,2,1,4,2,1,5,2,5,6,2,3,6,3,7,6,2,2,7
2,22,7,5,1,5,5,3,7,4,7,5,1,4,3,3,7,2,1,1,1,1,2,2,3,1,4,49,92,6,1,7,6,7,3,4,1,2,5,7,7,6,7,5,7,1,7,6,7,2,4
2,22,7,7,3,7,7,5,7,7,1,5,7,7,7,6,1,3,2,2,1,1,2,1,1,2,4,33,26,28,5,6,6,6,7,5,5,7,7,6,7,7,7,4,6,6,7,5,5,7,7
2,22,7,3,4,5,6,3,4,2,5,2,5,4,5,4,4,3,4,5,9,9,8,8,9,8,4,23,1,12,4,1,7,6,1,1,1,1,2,7,4,7,5,1,5,5,3,7,5,1,7
2,22,6,2,2,6,2,3,6,5,3,5,6,5,3,5,4,2,2,3,9,1,9,8,7,6,5,67,81,77,3,5,2,3,6,2,2,6,5,6,6,5,6,6,3,2,2,3,3,3,3
2,22,5,3,2,5,3,2,5,2,2,2,1,3,2,3,2,2,1,1,9,7,6,8,3,3,2,34,0,0,1,2,6,4,1,2,1,1,4,5,2,5,3,1,4,5,5,6,6,1,4
2,22,5,5,5,5,7,5,4,6,4,6,2,7,6,7,2,2,4,6,9,4,8,1,1,1,2,3,1,0,2,4,7,4,1,3,3,1,4,4,7,6,6,2,4,3,7,6,3,2,6
2,22,5,3,2,3,5,4,3,4,3,4,6,5,2,5,1,1,1,1,4,1,1,1,2,1,2,10,5,10,5,6,6,5,3,2,4,2,2,3,6,3,5,1,3,3,7,5,5,3,6
2,22,6,5,5,7,6,4,3,5,2,5,6,6,7,6,5,2,1,1,8,1,4,5,1,3,2,25,0,7,2,3,7,5,1,5,3,1,5,4,2,6,5,2,5,6,7,7,4,7,7
2,22,3,5,7,2,7,2,5,2,7,1,1,4,2,4,3,2,2,2,5,2,2,3,3,1,2,5,1,1,2,6,6,4,1,3,2,5,4,6,2,5,6,1,3,7,6,7,1,2,7
2,22,6,6,2,7,7,2,3,6,7,6,3,7,7,6,1,4,1,3,5,3,9,1,1,1,3,21,29,70,2,3,6,6,1,2,2,1,2,5,6,4,6,2,4,4,6,5,6,1,3
2,22,6,2,3,7,4,1,6,2,1,2,1,5,3,4,4,2,4,8,9,9,9,2,1,1,3,35,15,0,6,5,7,7,1,4,7,1,5,7,2,7,7,2,6,7,6,7,6,2,4
2,22, , , , , , , , , , , , , , , , , , , , , , , , , , , , , , , , , , , , , , , , , , , , , , , , , 
2,22, , , , , , , , , , , , , , , , , , , , , , , , , , , , , , , , , , , , , , , , , , , , , , , , , 
2,22, , , , , , , , , , , , , , , , , , , , , , , , , , , , , , , , , , , , , , , , , , , , , , , , , 
2,22, , , , , , , , , , , , , , , , , , , , , , , , , , , , , , , , , , , , , , , , , , , , , , , , , 
2,22, , , , , , , , , , , , , , , , , , , , , , , , , , , , , , , , , , , , , , , , , , , , , , , , , 
2,22, , , , , , , , , , , , , , , , , , , , , , , , , , , , , , , , , , , , , , , , , , , , , , , , , 
2,22,4,3,6,3,6,4,3,2,5,2,3,5,6,5,3,2,2,2,2,2,8,3,2,1,3,9,4,4,5,3,4,5,2,2,2,2,5,3,3,3,5,3,5,6,6,6,6,5,6
1,21,6,5,7,4,2,3,6,3,4,6,4,2,6,3,6,2,1,1,9,4,7,1,1,1,2, , , ,1,1,6,7,1,2,1,1,5,7,1,5,1,4,6,6,2,6,5,1,5
1,21,5,7,5,3,6,1,1,7,7,7,2,6,2,6,2,2,4,2,9,9,9,9,8,8,4,10,10,0,1,1,7,7,1,1,3,1,7,4,1,7,7,7,1,7,5,7,7,3,1
1,21,6,6,3,4,3,5,4,4,5,6,2,3,4,3,5,1,1,1,4,3,5,1,3,3,3,62,66,45,6,4,3,4,3,4,3,4,2,5,5,4,3,3,4,3,5,5,3,6,6
1,21,6,3,3,4,6,4,2,4,2,4,4,5,4,2,2,3,2,3,4,6,8,7,3,4,2,50,20,10,1,5,2,6,3,6,4,3,1,5,3,5,6,3,2,1,5,1,4,5,6
1,21,6,3,1,3,5,2,5,2,7,2,3,2,7,2,4,3,2,3,8,8,8,9,7,9,4,10, ,2,7,4,7,5,2,3,3,6,4,3,5,6,3,2,6,3,6,3,2,1,5
1,21,7,4,3,4,6,2,4,5,7,4,7,6,5,4,5,1,1,1,5,5,7,7,5,5,3,15,0,0,7,7,7,7,4,6,6,6,7,7,7,5,7,6,7,6,6,1,5,7,7
1,21,2,6,6,3,2,4,2,2,6,1,4,6,2,4,3,5,2,4,2,5,6,4,3,4,2,15,8,21,3,2,6,2,3,3,3,3,6,2,7,2,5,6,2,2,6,4,3,6,2
1,21,4,2,3,5,3,1,2,2,2,2,3,3,5,3,4,1,2,1,5,5,5,6,6,5,2,5,5,0,5,3,5,6,1,4,5,3,3,6,3,5,6,3,5,6,4,5,6,2,5
1,21,6,1,1,1,1,2,1,1,1,1,1,5,2,2,1,1,1,1,9,9,9,5,5,1,3,10,0,0,1,1,6,6,4,6,1,1,5,6,1,5,1,1,6,2,1,5,3,1,5
1,21,7,1,4,7,1,1,6,1,1,1,6,1,5,1,2, , , , , , , , , ,5,40,0,0,5,4,7,6,2,6,5,2,5,6,2,6,5,2,6,5,3,4,5,5,7
1,21,2,4,5,6,2,3,7,4,5,4,4,4,6,3,4,4,3,5,3,5,5,5,2,4,3,58,27,45,3,5,4,3,3,4,3,2,3,2,5,3,5,4,3,5,2,3,5,4,3
2,21,5,2,3,6,2,1,4,2,2,1,5,3,3,3,3,1,1,1,5,4,3,3,2,2,3, , , ,2,4,5,4,3,4,5,1,3,4,4,6,5,4,5,6,5,6,5,3,4
2,21,7,6,4,6,5,2,2,4,2,1,7,6,6,4,2,2,1,1,9,9,7,3,3,2,2,0,0,0,4,2,5,6,1,1,4,1,2,6,3,2,6,2,4,6,7,6,5,2,5
2,21,6,6,7,7,7,5,7,6,2,6,7,6,6,6,6,2,2,3,9,6,6,4,2,3,2,36,10,56,6,3,4,7,1,2,7,1,3,7,2,5,7,3,4,6,7,7,7,1,7
2,21,7,6,4,4,6,6,5,6,4,5,5,7,3,6,4,2,1,1,9,6,6,1,1,1,2,63,65,0,6,4,7,7,1,4,5,7,4,6,2,5,7,1,4,6,7,5,7,1,4
2,21,7,4,7,7,7,1,7,1,1,1,4,7,7,7,4,2,2,1,1,1,1,1,1,1,3,48,47,48,7,7,7,7,4,7,7,4,7,7,7,7,7,7,7,7,7,7,7,7,7
2,21,7,3,4,6,4,2,4,4,4,4,4,4,5,4,3,8,6,8,8,7,9,4,6,3,3,29,4,43,3,6,6,5,2,6,4,2,3,5,6,5,4,2,7,5,7,5,5,4,6
2,21,6,2,2,3,2,2,6,3,2,2,2,2,2,2,6,2,1,1,8,6,3,6,5,5,3,47,3,16,3,4,6,4,2,7,2,2,5,5,2,7,3,2,6,3,7,7,3,3,7
2,21,6,1,5,6,2,1,1,1,1,1,5,2,2,2,2,1,2,1,5,2,2,2,1,1,4,1,0,0,1,5,7,7,1,1,3,1,3,6,6,7,2,2,7,6,7,7,7,1,7
2,21,7,3,1,4,5,2,4,1,3,1,3,2,5,3,2,3,6,5,8,9,6,6,7,2,3,40,7,3,2,5,6,7,2,4,6,2,5,6,3,7,7,1,6,2,7,6,3,3,5
2,21,7,4,4,4,3,3,4,3,3,3,6,5,6,4,1,1,1,1,7,1,1,1,1,1,3,22,13,9,7,5,6,7,3,5,6,5,7,7,6,7,7,5,7,7,7,7,7,7,7
2,21,7,7,3,6,7,7,6,7,7,6,7,7,5,7,1,1,4,3,9,6,7,7,6,6,3,7,1,6,6,3,7,7,3,4,1,1,7,7,7,7,6,2,7,7,7,7,3,2,4
2,21,2,2,3,4,4,2,2,2,1,2,6,3,3,5,3,2,1,1,5,1,3,1,1,1,4,27,0,8,1,2,6,3,2,4,5,2,5,3,6,5,2,2,5,2,6,2,4,4,6
2,21, , , , , , , , , , , , , , , , , , , , , , , , , , , , , , , , , , , , , , , , , , , , , , , , , 
2,21, , , , , , , , , , , , , , , , , , , , , , , , , , , , , , , , , , , , , , , , , , , , , , , , , 
1,20,6,1,7,1,2,1,1,1,7,1,1,2,2,2,6,2,2,1,8,8,8,3,6,6,4,10,5,5,6,6,4,7,2,3,1,1,2,7,1,6,2,1,6,7,3,1,3,6,2
1,20,7,4,6,7,2,2,7,3,7,2,6,2,6,2,6,2,2,1,1,1,1,5,6,6,5,40,20,30,1,1,7,7,1,5,3,1,7,7,5,7,4,6,7,7,4,6,2,7,7
1,20,3,5,3,6,6,5,4,5,3,5,4,5,4,5,3,2,1,1,4,2,3,4,4,3,3,10,5,5,2,3,6,3,1,6,4,2,5,5,4,6,4,4,6,3,6,5,3,4,5
1,20,7,3,5,6,4,5,6,3,5,3,3,5,4,3,2,2,2,2,7,7,7,9,7,9,4,10,15,25,5,5,6,6,1,5,6,2,4,7,1,2,3,1,5,7,7,6,6,1,7
2,20, , , , , , , , , , , , , , , , , , , , , , , , , , , , , , , , , , , , , , , , , , , , , , , , , 
2,20,1,3,7,7,7,2,3,2,1,3,7,7,6,5,1,1,1,1,1,1,9,1,1,1,3,45,21,31,4,7,7,4,7,5,4,7,6,4,7,5,4,7,6,4,7,4,4,7,7
2,20,5,5,2,7,6,4,2,6,2,5,1,6,4,6,2,8,7,8,9,9,8,9,8,9,3,25,0,17,6,1,7,7,1,5,1,1,7,4,5,7,6,1,7,3,7,7,6,1,6
2,20,7,3,4,5,2,2,4,1,5,1,7,2,5,2,4,3,1,6,9,6,8,8,6,9,3,23,0,3,1,1,7,5,4,7,2,2,7,5,6,7,2,4,7,4,7,7,2,1,6
2,20,7,5,2,5,6,5,3,6,7,5,5,6,6,7,6,6,1,3,9,7,9,5,6,6,3,20,0,10,5,7,5,6,2,4,5,1,3,5,7,6,5,3,5,6,7,4,5,2,6
2,20,4,1,3,1,3,1,1,1,1,1,5,3,3,3,2,2,1,1,2,1,9,6,3,1,4,10,0,2,4,2,7,5,1,5,2,3,5,4,6,7,2,4,7,6,7,2,5,3,5
2,20,6,2,3,4,4,2,5,2,3,2,6,3,6,3,5, , , , , , , , , ,4,30,10,18,2,5,6,6,2,4,3,3,5,6,4,5,3,4,5,4,6,5,4,6,6
2,20,5,2,2,5,3,2,4,2,3,2,6,3,4,3,4,2,1,1,8,2,6,2,1,1,4,30,1,7,3,4,5,5,2,3,4,4,5,6,6,5,3,3,5,4,5,5,5,6,5
2,20,6,6,7,6,7,5,6,6,6,6,7,7,7,7,6,2,1,1,2,1,2,1,1,1,4,1,1,1,5,4,6,6,2,6,3,2,5,5,2,3,5,2,4,3,4,5,5,2,6
1,19,1,1,1,1,2,2,2,2,1,3,1,2,3,3,1,2,2,1,9,1,1,1,1,1,2, , , ,1,1,2,1,1,4,1,1,2,1,1,3,1,1,2,1,5,2,1,3,1
2,19,6,4,3,6,2,6,5,6,7,6,2,3,2,1,6,4,6,5,8,7,2,8,7,8,4,49,43,57,2,6,7,2,5,5,1,5,3,5,3,7,6,6,7,5,6,5,5,4,4
1,18,7,6,2,4,4,6,4,6,5,4,3,5,3,4,5,4,3,5,9,7,7,6,4,7,4,51,13,65,5,2,5,3,4,3,5,7,5,6,7,3,6,5,5,4,5,4,6,4,6
1,18, , , , , , , , , , , , , , , , , , , , , , , , , , , , , , , , , , , , , , , , , , , , , , , , , 
1,18, , , , , , , , , , , , , , , , , , , , , , , , , , , , , , , , , , , , , , , , , , , , , , , , , 
1,18, , , , , , , , , , , , , , , , , , , , , , , , , , , , , , , , , , , , , , , , , , , , , , , , , 
3,18,3,4,6,6,4,4,1,2,3,3,3,5,4,3,2,1,1,1,1,1,1,6,6,6,3,35,0,0,5,6,7,6,7,5,5,7,6,6,5,7,7,7,5,5,4,5,6,7,5
1, ,6,5,2,7,2,6,6,5,6,6,1,3,2,4,6,4,5,4,3,4,4,6,7,7,3,89,75,85,7,6,5,7,6,7,6,7,6,5,6,7,6,7,7,6,5,6,7,6,7
